{"ESN_1": {"n_units": 167, "input_scaling": 1, "noise_rc": 6e-05, "rc_connectivity": 0.004525009376456667, "sr": 0.17960115002989863, "lr": 0.25437294015309586, "fb_scaling": 0.01, "input_connectivity": 0.12977834937743438, "fb_connectivity": 0.1, "topology": "random", "activation": "tanh"}, "ESN_2": {"n_units": 167, "input_scaling": 1, "noise_rc": 6e-05, "rc_connectivity": 0.0007534336081148882, "sr": 0.4279093780644905, "lr": 0.0917575743727699, "fb_scaling": 0.01, "input_connectivity": 0.5612353927661761, "fb_connectivity": 0.1, "topology": "random", "activation": "tanh"}, "ESN_3": {"n_units": 167, "input_scaling": 1, "noise_rc": 6e-05, "rc_connectivity": 0.044279948042036325, "sr": 0.015769795956222247, "lr": 0.05988314213563708, "fb_scaling": 0.01, "input_connectivity": 0.6011739296865891, "fb_connectivity": 0.1, "topology": "random", "activation": "tanh"}, "Readout": {"output_connectivity": 0.5}, "RL": {"eta": 0.006504933760831518, "beta": 6, "r_th": 0.006975544340245059, "reward": [1.0, 0.75, 0.5, 0.25], "penalty": -0.01, "decay": 0.49346845743410983}}