{"ESN_1": {"n_units": 167, "input_scaling": 1, "noise_rc": 6e-05, "rc_connectivity": 0.09777637300633504, "sr": 0.0263253547677894, "lr": 0.5172950723663978, "fb_scaling": 0.01, "input_connectivity": 0.42383807961474557, "fb_connectivity": 0.1, "topology": "random", "activation": "tanh"}, "ESN_2": {"n_units": 167, "input_scaling": 1, "noise_rc": 6e-05, "rc_connectivity": 0.08009949789227074, "sr": 0.05283625441087372, "lr": 0.2690345024377201, "fb_scaling": 0.01, "input_connectivity": 0.16098905614020403, "fb_connectivity": 0.1, "topology": "random", "activation": "tanh"}, "ESN_3": {"n_units": 167, "input_scaling": 1, "noise_rc": 6e-05, "rc_connectivity": 0.010922587833874665, "sr": 0.05127514007831948, "lr": 0.01273349130850609, "fb_scaling": 0.01, "input_connectivity": 0.14110385363930178, "fb_connectivity": 0.1, "topology": "random", "activation": "tanh"}, "Readout": {"output_connectivity": 0.5}, "RL": {"eta": 0.021461359357964484, "beta": 8, "r_th": 0.006975544340245059, "reward": [1.0, 0.75, 0.5, 0.25], "penalty": -0.01, "decay": 0.584728867952451}}