{"ESN_1": {"n_units": 167, "input_scaling": 1, "noise_rc": 6e-05, "rc_connectivity": 0.004116659453175606, "sr": 0.014653144050528996, "lr": 0.07810652486440847, "fb_scaling": 0.01, "input_connectivity": 0.6965534537749896, "fb_connectivity": 0.1, "topology": "random", "activation": "tanh"}, "ESN_2": {"n_units": 167, "input_scaling": 1, "noise_rc": 6e-05, "rc_connectivity": 0.0013681000286778653, "sr": 0.03156594129340392, "lr": 0.09408713381660594, "fb_scaling": 0.01, "input_connectivity": 0.11465628190793442, "fb_connectivity": 0.1, "topology": "random", "activation": "tanh"}, "ESN_3": {"n_units": 167, "input_scaling": 1, "noise_rc": 6e-05, "rc_connectivity": 0.004566311728502683, "sr": 0.018254961684760165, "lr": 0.06665742557499858, "fb_scaling": 0.01, "input_connectivity": 0.11904642958381755, "fb_connectivity": 0.1, "topology": "random", "activation": "tanh"}, "Readout": {"output_connectivity": 0.5}, "RL": {"eta": 0.013164297985179856, "beta": 12, "r_th": 0.006975544340245059, "reward": [1.0, 0.75, 0.5, 0.25], "penalty": -0.01, "decay": 0.5635003049304641}}