{"ESN_1": {"n_units": 167, "input_scaling": 1, "noise_rc": 6e-05, "rc_connectivity": 0.038153803322371505, "sr": 0.6251438608638786, "lr": 0.0019141566542201936, "fb_scaling": 0.01, "input_connectivity": 0.23178680274982216, "fb_connectivity": 0.1, "topology": "random", "activation": "tanh"}, "ESN_2": {"n_units": 167, "input_scaling": 1, "noise_rc": 6e-05, "rc_connectivity": 0.07635041326848864, "sr": 0.027914808873831694, "lr": 0.10716254809736503, "fb_scaling": 0.01, "input_connectivity": 0.8675815223665224, "fb_connectivity": 0.1, "topology": "random", "activation": "tanh"}, "ESN_3": {"n_units": 167, "input_scaling": 1, "noise_rc": 6e-05, "rc_connectivity": 0.08954502395159564, "sr": 0.08014711212844981, "lr": 0.16415503619785704, "fb_scaling": 0.01, "input_connectivity": 0.4405542940034178, "fb_connectivity": 0.1, "topology": "random", "activation": "tanh"}, "Readout": {"output_connectivity": 0.5}, "RL": {"eta": 0.012900430933299406, "beta": 13, "r_th": 0.006975544340245059, "reward": [1.0, 0.75, 0.5, 0.25], "penalty": -0.01, "decay": 0.9221568065298632}}