{"ESN_1": {"n_units": 167, "input_scaling": 1, "noise_rc": 6e-05, "rc_connectivity": 0.020554385889705668, "sr": 0.10010960503441382, "lr": 0.07101740854365306, "fb_scaling": 0.01, "input_connectivity": 0.6873785034147598, "fb_connectivity": 0.1, "topology": "random", "activation": "tanh"}, "ESN_2": {"n_units": 167, "input_scaling": 1, "noise_rc": 6e-05, "rc_connectivity": 0.06732180609407926, "sr": 0.011689809626630946, "lr": 0.09718121781613705, "fb_scaling": 0.01, "input_connectivity": 0.30574137144125285, "fb_connectivity": 0.1, "topology": "random", "activation": "tanh"}, "ESN_3": {"n_units": 167, "input_scaling": 1, "noise_rc": 6e-05, "rc_connectivity": 0.007303830310867086, "sr": 0.19086396152750373, "lr": 0.10145132119288167, "fb_scaling": 0.01, "input_connectivity": 0.2968360348104964, "fb_connectivity": 0.1, "topology": "random", "activation": "tanh"}, "Readout": {"output_connectivity": 0.5}, "RL": {"eta": 0.019391079847499416, "beta": 13, "r_th": 0.006975544340245059, "reward": [1.0, 0.75, 0.5, 0.25], "penalty": -0.01, "decay": 0.41255395533635364}}