{"ESN_1": {"n_units": 167, "input_scaling": 1, "noise_rc": 6e-05, "rc_connectivity": 0.0638492397680717, "sr": 0.7601255056475673, "lr": 0.0002884285803156755, "fb_scaling": 0.01, "input_connectivity": 0.2168500201138955, "fb_connectivity": 0.1, "topology": "random", "activation": "tanh"}, "ESN_2": {"n_units": 167, "input_scaling": 1, "noise_rc": 6e-05, "rc_connectivity": 0.06709488516047357, "sr": 0.02383315979495323, "lr": 0.0522131120691719, "fb_scaling": 0.01, "input_connectivity": 0.7621517626382747, "fb_connectivity": 0.1, "topology": "random", "activation": "tanh"}, "ESN_3": {"n_units": 167, "input_scaling": 1, "noise_rc": 6e-05, "rc_connectivity": 0.0002887076590076276, "sr": 0.3037072710015461, "lr": 0.17632561170291608, "fb_scaling": 0.01, "input_connectivity": 0.3265818499852023, "fb_connectivity": 0.1, "topology": "random", "activation": "tanh"}, "Readout": {"output_connectivity": 0.5}, "RL": {"eta": 0.01569634780634943, "beta": 14, "r_th": 0.006975544340245059, "reward": [1.0, 0.75, 0.5, 0.25], "penalty": -0.01, "decay": 0.9558786857186112}}