{"ESN_1": {"n_units": 167, "input_scaling": 1, "noise_rc": 6e-05, "rc_connectivity": 0.06827099959111795, "sr": 0.611300971358501, "lr": 0.25750221439836446, "fb_scaling": 0.01, "input_connectivity": 0.12492268062682284, "fb_connectivity": 0.1, "topology": "random", "activation": "tanh"}, "ESN_2": {"n_units": 167, "input_scaling": 1, "noise_rc": 6e-05, "rc_connectivity": 0.004876780396662384, "sr": 0.12187392579930971, "lr": 0.09144481476599138, "fb_scaling": 0.01, "input_connectivity": 0.28701659012017144, "fb_connectivity": 0.1, "topology": "random", "activation": "tanh"}, "ESN_3": {"n_units": 167, "input_scaling": 1, "noise_rc": 6e-05, "rc_connectivity": 0.00014511079530174343, "sr": 0.41039256528423346, "lr": 0.13283941901779406, "fb_scaling": 0.01, "input_connectivity": 0.16990764416238155, "fb_connectivity": 0.1, "topology": "random", "activation": "tanh"}, "Readout": {"output_connectivity": 0.5}, "RL": {"eta": 0.008681291729108987, "beta": 13, "r_th": 0.006975544340245059, "reward": [1.0, 0.75, 0.5, 0.25], "penalty": -0.01, "decay": 0.3506952014070361}}