{"ESN_1": {"n_units": 167, "input_scaling": 1, "noise_rc": 6e-05, "rc_connectivity": 0.0870281750049284, "sr": 0.39209440607762247, "lr": 0.23211675032911946, "fb_scaling": 0.01, "input_connectivity": 0.15459444357215774, "fb_connectivity": 0.1, "topology": "random", "activation": "tanh"}, "ESN_2": {"n_units": 167, "input_scaling": 1, "noise_rc": 6e-05, "rc_connectivity": 0.020616727605526, "sr": 0.01330597910364257, "lr": 0.5154287951336283, "fb_scaling": 0.01, "input_connectivity": 0.3955728776528892, "fb_connectivity": 0.1, "topology": "random", "activation": "tanh"}, "ESN_3": {"n_units": 167, "input_scaling": 1, "noise_rc": 6e-05, "rc_connectivity": 0.008982930623989544, "sr": 0.2717398093492416, "lr": 0.007634258699475244, "fb_scaling": 0.01, "input_connectivity": 0.1582497775437279, "fb_connectivity": 0.1, "topology": "random", "activation": "tanh"}, "Readout": {"output_connectivity": 0.5}, "RL": {"eta": 0.0263975076092274, "beta": 6, "r_th": 0.006975544340245059, "reward": [1.0, 0.75, 0.5, 0.25], "penalty": -0.01, "decay": 0.33328971368714216}}