{"ESN_1": {"n_units": 167, "input_scaling": 1, "noise_rc": 6e-05, "rc_connectivity": 0.0010772531998419427, "sr": 0.3657915267173058, "lr": 0.31116427798798996, "fb_scaling": 0.01, "input_connectivity": 0.9467687962373974, "fb_connectivity": 0.1, "topology": "random", "activation": "tanh"}, "ESN_2": {"n_units": 167, "input_scaling": 1, "noise_rc": 6e-05, "rc_connectivity": 0.059716649856423984, "sr": 0.025275653976848046, "lr": 0.12389104435505155, "fb_scaling": 0.01, "input_connectivity": 0.3915372380045345, "fb_connectivity": 0.1, "topology": "random", "activation": "tanh"}, "ESN_3": {"n_units": 167, "input_scaling": 1, "noise_rc": 6e-05, "rc_connectivity": 0.0736023300138647, "sr": 0.0516490286765563, "lr": 0.30804324854076187, "fb_scaling": 0.01, "input_connectivity": 0.10507619853453598, "fb_connectivity": 0.1, "topology": "random", "activation": "sigmoid"}, "Readout": {"output_connectivity": 0.5}, "RL": {"eta": 0.023262741543614483, "beta": 11, "r_th": 0.006975544340245059, "reward": [1.0, 0.75, 0.5, 0.25], "penalty": -0.01, "decay": 0.6080990135957008}}