{"ESN_1": {"n_units": 125, "input_scaling": 1, "noise_rc": 6e-05, "rc_connectivity": 0.04934936469996521, "sr": 0.028860951397811353, "lr": 0.09797862663633244, "fb_scaling": 0.01, "input_connectivity": 0.2650947769416556, "fb_connectivity": 0.1, "topology": "random", "activation": "tanh"}, "ESN_2": {"n_units": 125, "input_scaling": 1, "noise_rc": 6e-05, "rc_connectivity": 0.04485107189680951, "sr": 0.11488481320239287, "lr": 0.22543753560334823, "fb_scaling": 0.01, "input_connectivity": 0.5950904342654262, "fb_connectivity": 0.1, "topology": "random", "activation": "tanh"}, "ESN_3": {"n_units": 125, "input_scaling": 1, "noise_rc": 6e-05, "rc_connectivity": 0.0026489641696557237, "sr": 0.7600252938384539, "lr": 0.08224230163133275, "fb_scaling": 0.01, "input_connectivity": 0.8039416641064561, "fb_connectivity": 0.1, "topology": "random", "activation": "tanh"}, "ESN_4": {"n_units": 125, "input_scaling": 1, "noise_rc": 6e-05, "rc_connectivity": 0.0009576515009883053, "sr": 0.2091819066378311, "lr": 0.4477447138369653, "fb_scaling": 0.01, "input_connectivity": 0.2307134296795051, "fb_connectivity": 0.1, "topology": "random", "activation": "tanh"}, "Readout": {"output_connectivity": 0.5}, "RL": {"eta": 0.014826164173231075, "beta": 9, "r_th": 0.006975544340245059, "reward": [1.0, 0.75, 0.5, 0.25], "penalty": -0.01, "decay": 0.6032235882104864}}