{"ESN_1": {"n_units": 125, "input_scaling": 1, "noise_rc": 6e-05, "rc_connectivity": 0.00021693328744222396, "sr": 0.16318191851647385, "lr": 0.0706843007874234, "fb_scaling": 0.01, "input_connectivity": 0.6952290172338561, "fb_connectivity": 0.1, "topology": "random", "activation": "tanh"}, "ESN_2": {"n_units": 125, "input_scaling": 1, "noise_rc": 6e-05, "rc_connectivity": 0.07341376398880727, "sr": 0.11768415879264979, "lr": 0.1788997168900058, "fb_scaling": 0.01, "input_connectivity": 0.5616406216997071, "fb_connectivity": 0.1, "topology": "random", "activation": "tanh"}, "ESN_3": {"n_units": 125, "input_scaling": 1, "noise_rc": 6e-05, "rc_connectivity": 0.07685268559343032, "sr": 0.06408233842914342, "lr": 0.0008537904103164578, "fb_scaling": 0.01, "input_connectivity": 0.9009451140513498, "fb_connectivity": 0.1, "topology": "random", "activation": "tanh"}, "ESN_4": {"n_units": 125, "input_scaling": 1, "noise_rc": 6e-05, "rc_connectivity": 0.0009576515009883053, "sr": 0.2091819066378311, "lr": 0.4477447138369653, "fb_scaling": 0.01, "input_connectivity": 0.2307134296795051, "fb_connectivity": 0.1, "topology": "random", "activation": "tanh"}, "Readout": {"output_connectivity": 0.5}, "RL": {"eta": 0.008182042765832974, "beta": 15, "r_th": 0.006975544340245059, "reward": [1.0, 0.75, 0.5, 0.25], "penalty": -0.01, "decay": 0.7310094710814885}}