{"ESN_1": {"n_units": 125, "input_scaling": 1, "noise_rc": 6e-05, "rc_connectivity": 0.001120087887966145, "sr": 1.2032188407480982, "lr": 0.1980292701712472, "fb_scaling": 0.01, "input_connectivity": 0.4547846307572746, "fb_connectivity": 0.1, "topology": "random", "activation": "tanh"}, "ESN_2": {"n_units": 125, "input_scaling": 1, "noise_rc": 6e-05, "rc_connectivity": 0.0013547223219878605, "sr": 0.7728200850780985, "lr": 0.00020792179434270234, "fb_scaling": 0.01, "input_connectivity": 0.7091534104442792, "fb_connectivity": 0.1, "topology": "random", "activation": "tanh"}, "ESN_3": {"n_units": 125, "input_scaling": 1, "noise_rc": 6e-05, "rc_connectivity": 0.007055904337550992, "sr": 0.1648961079607149, "lr": 0.2848003498794585, "fb_scaling": 0.01, "input_connectivity": 0.2659992821113283, "fb_connectivity": 0.1, "topology": "random", "activation": "tanh"}, "ESN_4": {"n_units": 125, "input_scaling": 1, "noise_rc": 6e-05, "rc_connectivity": 0.0009576515009883053, "sr": 0.2091819066378311, "lr": 0.4477447138369653, "fb_scaling": 0.01, "input_connectivity": 0.2307134296795051, "fb_connectivity": 0.1, "topology": "random", "activation": "tanh"}, "Readout": {"output_connectivity": 0.5}, "RL": {"eta": 0.027389687817152314, "beta": 5, "r_th": 0.006975544340245059, "reward": [1.0, 0.75, 0.5, 0.25], "penalty": -0.01, "decay": 0.5402016565963803}}