{"ESN_1": {"n_units": 125, "input_scaling": 1, "noise_rc": 6e-05, "rc_connectivity": 0.00017746617656042225, "sr": 1.07281641753882, "lr": 0.11302687834485722, "fb_scaling": 0.01, "input_connectivity": 0.6897988936111504, "fb_connectivity": 0.1, "topology": "random", "activation": "tanh"}, "ESN_2": {"n_units": 125, "input_scaling": 1, "noise_rc": 6e-05, "rc_connectivity": 0.010379043555580737, "sr": 0.9519355477372438, "lr": 0.16946269065582004, "fb_scaling": 0.01, "input_connectivity": 0.9932181705422048, "fb_connectivity": 0.1, "topology": "random", "activation": "tanh"}, "ESN_3": {"n_units": 125, "input_scaling": 1, "noise_rc": 6e-05, "rc_connectivity": 0.0003437968226264034, "sr": 0.1776779575038665, "lr": 0.059137787250382275, "fb_scaling": 0.01, "input_connectivity": 0.2785177132618844, "fb_connectivity": 0.1, "topology": "random", "activation": "tanh"}, "ESN_4": {"n_units": 125, "input_scaling": 1, "noise_rc": 6e-05, "rc_connectivity": 0.0009576515009883053, "sr": 0.2091819066378311, "lr": 0.4477447138369653, "fb_scaling": 0.01, "input_connectivity": 0.2307134296795051, "fb_connectivity": 0.1, "topology": "random", "activation": "tanh"}, "Readout": {"output_connectivity": 0.5}, "RL": {"eta": 0.010512568103919685, "beta": 5, "r_th": 0.006975544340245059, "reward": [1.0, 0.75, 0.5, 0.25], "penalty": -0.01, "decay": 0.718593674971583}}