{"ESN_1": {"n_units": 167, "input_scaling": 1, "noise_rc": 6e-05, "rc_connectivity": 0.00015242826605787972, "sr": 0.09310197677131637, "lr": 0.36947101212048056, "fb_scaling": 0.01, "input_connectivity": 0.512728114109951, "fb_connectivity": 0.1, "topology": "random", "activation": "tanh"}, "ESN_2": {"n_units": 167, "input_scaling": 1, "noise_rc": 6e-05, "rc_connectivity": 0.009514111850395836, "sr": 0.5093348957061186, "lr": 0.07306858994261888, "fb_scaling": 0.01, "input_connectivity": 0.41791787030641514, "fb_connectivity": 0.1, "topology": "random", "activation": "tanh"}, "Readout": {"output_connectivity": 0.5}, "RL": {"eta": 0.0274901711692383, "beta": 8, "r_th": 0.006975544340245059, "reward": [1.0, 0.75, 0.5, 0.25], "penalty": -0.01, "decay": 0.5268005209792009}}