{"ESN_1": {"n_units": 250, "input_scaling": 1, "noise_rc": 6e-05, "rc_connectivity": 0.006135448200513963, "sr": 0.4, "lr": 0.0028264225179591954, "fb_scaling": 0.01, "input_connectivity": 0.12891264295076169, "fb_connectivity":  0.042689223400309645, "topology": "random", "activation": "sigmoid"},
  "ESN_2": {"n_units": 250, "input_scaling": 1, "noise_rc": 6e-05, "rc_connectivity": 0.03772984116190459, "sr": 0.12, "lr": 0.20201983001371407, "fb_scaling": 0.01, "input_connectivity": 0.7919262527865992, "fb_connectivity": 0.011373337510164604, "topology": "random", "activation": "sigmoid"},
  "Readout": {"output_connectivity": 0.5},
  "RL": {"eta": 0.040495293163892235, "beta": 11, "r_th": 0.006975544340245059, "reward": [1.0, 0.75, 0.5, 0.25], "penalty": -0.01, "decay": 0.3199}}