{"ESN_1": {"n_units": 250, "input_scaling": 1, "noise_rc": 6e-05, "rc_connectivity": 0.0009959019958025756, "sr": 0.0122653816379692, "lr": 0.12029943204932318, "fb_scaling": 0.01, "input_connectivity": 0.28822739867829106, "fb_connectivity": 0.1, "topology": "random", "activation": "tanh"}, "ESN_2": {"n_units": 250, "input_scaling": 1, "noise_rc": 6e-05, "rc_connectivity": 0.0013867221641095712, "sr": 0.1260267790465576, "lr": 0.11241531517402167, "fb_scaling": 0.01, "input_connectivity": 0.5525562430133764, "fb_connectivity": 0.1, "topology": "random", "activation": "tanh"}, "Readout": {"output_connectivity": 0.5}, "RL": {"eta": 0.018417446907688845, "beta": 7, "r_th": 0.006975544340245059, "reward": [1.0, 0.75, 0.5, 0.25], "penalty": -0.01, "decay": 0.4186745768980455}}