{"ESN_1": {"n_units": 250, "input_scaling": 1, "noise_rc": 6e-05, "rc_connectivity": 0.08886511896615745, "sr": 0.5847435491239005, "lr": 0.37479063521063677, "fb_scaling": 0.01, "input_connectivity": 0.10008492180809746, "fb_connectivity": 0.1, "topology": "random", "activation": "tanh"}, "ESN_2": {"n_units": 250, "input_scaling": 1, "noise_rc": 6e-05, "rc_connectivity": 0.0001236276066316094, "sr": 0.15617931911993047, "lr": 0.4220665504641205, "fb_scaling": 0.01, "input_connectivity": 0.11543835424611662, "fb_connectivity": 0.1, "topology": "random", "activation": "tanh"}, "Readout": {"output_connectivity": 0.5}, "RL": {"eta": 0.06145496316813789, "beta": 6, "r_th": 0.006975544340245059, "reward": [1.0, 0.75, 0.5, 0.25], "penalty": -0.01, "decay": 0.5486528858225819}}