{"ESN_1": {"n_units": 250, "input_scaling": 1, "noise_rc": 6e-05, "rc_connectivity": 0.01666069184590654, "sr": 0.1583237575843341, "lr": 0.07847808410172963, "fb_scaling": 0.01, "input_connectivity": 0.1636771876168279, "fb_connectivity": 0.1, "topology": "random", "activation": "tanh"}, "ESN_2": {"n_units": 250, "input_scaling": 1, "noise_rc": 6e-05, "rc_connectivity": 0.00010098132591655201, "sr": 0.31179103636655586, "lr": 0.07939718669545567, "fb_scaling": 0.01, "input_connectivity": 0.5529687061068606, "fb_connectivity": 0.1, "topology": "random", "activation": "tanh"}, "Readout": {"output_connectivity": 0.5}, "RL": {"eta": 0.010734574675087255, "beta": 18, "r_th": 0.006975544340245059, "reward": [1.0, 0.75, 0.5, 0.25], "penalty": -0.01, "decay": 0.3657042904173974}}