{"ESN_1": {"n_units": 250, "input_scaling": 1, "noise_rc": 6e-05, "rc_connectivity": 0.0004623293868188191, "sr": 0.2112355038550457, "lr": 0.12857004395325639, "fb_scaling": 0.01, "input_connectivity": 0.1513492502630508, "fb_connectivity": 0.1, "topology": "random", "activation": "tanh"}, "ESN_2": {"n_units": 250, "input_scaling": 1, "noise_rc": 6e-05, "rc_connectivity": 0.0044565512839155165, "sr": 0.02513653120057849, "lr": 0.08593435766637784, "fb_scaling": 0.01, "input_connectivity": 0.6713717994825763, "fb_connectivity": 0.1, "topology": "random", "activation": "tanh"}, "Readout": {"output_connectivity": 0.5}, "RL": {"eta": 0.01849072674375575, "beta": 13, "r_th": 0.006975544340245059, "reward": [1.0, 0.75, 0.5, 0.25], "penalty": -0.01, "decay": 0.8894497625618504}}