{"ESN_1": {"n_units": 167, "input_scaling": 1, "noise_rc": 6e-05, "rc_connectivity": 0.037662430060293975, "sr": 0.15495955686162144, "lr": 0.09951409677352173, "fb_scaling": 0.01, "input_connectivity": 0.4829162933253909, "fb_connectivity": 0.1, "topology": "random", "activation": "tanh"}, "ESN_2": {"n_units": 167, "input_scaling": 1, "noise_rc": 6e-05, "rc_connectivity": 0.00021534136012542077, "sr": 1.4237064351375117, "lr": 0.07370747382119783, "fb_scaling": 0.01, "input_connectivity": 0.6171276604205936, "fb_connectivity": 0.1, "topology": "random", "activation": "tanh"}, "Readout": {"output_connectivity": 0.5}, "RL": {"eta": 0.012010914100806624, "beta": 13, "r_th": 0.006975544340245059, "reward": [1.0, 0.75, 0.5, 0.25], "penalty": -0.01, "decay": 0.680578807205001}}