{"ESN_1": {"n_units": 250, "input_scaling": 1, "noise_rc": 6e-05, "rc_connectivity": 0.03365991122855854, "sr": 0.013069964737942679, "lr": 0.021683391687296782, "fb_scaling": 0.01, "input_connectivity": 0.1034749386053139, "fb_connectivity": 0.1, "topology": "random", "activation": "tanh"}, "ESN_2": {"n_units": 250, "input_scaling": 1, "noise_rc": 6e-05, "rc_connectivity": 0.0012971071618142298, "sr": 0.014636262580812876, "lr": 0.24089250151613148, "fb_scaling": 0.01, "input_connectivity": 0.15549442529269725, "fb_connectivity": 0.1, "topology": "random", "activation": "tanh"}, "Readout": {"output_connectivity": 0.5}, "RL": {"eta": 0.01916946712840242, "beta": 5, "r_th": 0.006975544340245059, "reward": [1.0, 0.75, 0.5, 0.25], "penalty": -0.01, "decay": 0.5410166244506738}}