{"ESN_1": {"n_units": 250, "input_scaling": 1, "noise_rc": 6e-05, "rc_connectivity": 0.0019619235034239344, "sr": 0.015630778808570518, "lr": 0.19758243361966116, "fb_scaling": 0.01, "input_connectivity": 0.31366997665520935, "fb_connectivity": 0.1, "topology": "random", "activation": "tanh"}, "ESN_2": {"n_units": 250, "input_scaling": 1, "noise_rc": 6e-05, "rc_connectivity": 0.07810250010692696, "sr": 0.3193019226307349, "lr": 0.3280497103652781, "fb_scaling": 0.01, "input_connectivity": 0.225501732549083, "fb_connectivity": 0.1, "topology": "random", "activation": "tanh"}, "Readout": {"output_connectivity": 0.5}, "RL": {"eta": 0.010818525244967167, "beta": 20, "r_th": 0.006975544340245059, "reward": [1.0, 0.75, 0.5, 0.25], "penalty": -0.01, "decay": 0.923820615854207}}