{"ESN_1": {"n_units": 167, "input_scaling": 1, "noise_rc": 6e-05, "rc_connectivity": 0.0010793808607275574, "sr": 0.02472022833695394, "lr": 0.19624619216263925, "fb_scaling": 0.01, "input_connectivity": 0.4454372853341856, "fb_connectivity": 0.1, "topology": "random", "activation": "tanh"}, "ESN_2": {"n_units": 167, "input_scaling": 1, "noise_rc": 6e-05, "rc_connectivity": 0.007926040747511142, "sr": 0.03909373322970881, "lr": 0.10003839358224688, "fb_scaling": 0.01, "input_connectivity": 0.4238028185774551, "fb_connectivity": 0.1, "topology": "random", "activation": "tanh"}, "ESN_3": {"n_units": 167, "input_scaling": 1, "noise_rc": 6e-05, "rc_connectivity": 0.00014603905046015086, "sr": 0.03126110695044779, "lr": 0.5671235170260844, "fb_scaling": 0.01, "input_connectivity": 0.9126609340517312, "fb_connectivity": 0.1, "topology": "random", "activation": "tanh"}, "Readout": {"output_connectivity": 0.5}, "RL": {"eta": 0.006952605118833341, "beta": 6, "r_th": 0.006975544340245059, "reward": [1.0, 0.75, 0.5, 0.25], "penalty": -0.01, "decay": 0.32148974172548145}}