{"ESN_1": {"n_units": 167, "input_scaling": 1, "noise_rc": 6e-05, "rc_connectivity": 0.04129665234223636, "sr": 0.15981246893636025, "lr": 0.4137382951165505, "fb_scaling": 0.01, "input_connectivity": 0.536117102301204, "fb_connectivity": 0.1, "topology": "random", "activation": "tanh"}, "ESN_2": {"n_units": 167, "input_scaling": 1, "noise_rc": 6e-05, "rc_connectivity": 0.031567444709642394, "sr": 0.01868035334693012, "lr": 0.00047631443824882875, "fb_scaling": 0.01, "input_connectivity": 0.36268259382904466, "fb_connectivity": 0.1, "topology": "random", "activation": "tanh"}, "ESN_3": {"n_units": 167, "input_scaling": 1, "noise_rc": 6e-05, "rc_connectivity": 0.016800787962116388, "sr": 0.013571165934830138, "lr": 0.012967256395785243, "fb_scaling": 0.01, "input_connectivity": 0.3434426751493367, "fb_connectivity": 0.1, "topology": "random", "activation": "tanh"}, "Readout": {"output_connectivity": 0.5}, "RL": {"eta": 0.01969853362715661, "beta": 6, "r_th": 0.006975544340245059, "reward": [1.0, 0.75, 0.5, 0.25], "penalty": -0.01, "decay": 0.4337131541666075}}