{"ESN_1": {"n_units": 167, "input_scaling": 1, "noise_rc": 6e-05, "rc_connectivity": 0.04535398982502385, "sr": 0.03006878635039709, "lr": 0.23050421109612235, "fb_scaling": 0.01, "input_connectivity": 0.3283454446185896, "fb_connectivity": 0.1, "topology": "random", "activation": "tanh"}, "ESN_2": {"n_units": 167, "input_scaling": 1, "noise_rc": 6e-05, "rc_connectivity": 0.0006462878439337955, "sr": 0.15015527510772042, "lr": 0.0016281385322011105, "fb_scaling": 0.01, "input_connectivity": 0.38180150567608134, "fb_connectivity": 0.1, "topology": "random", "activation": "tanh"}, "ESN_3": {"n_units": 167, "input_scaling": 1, "noise_rc": 6e-05, "rc_connectivity": 0.00010004176291023348, "sr": 0.074394964740919, "lr": 0.12841539261370638, "fb_scaling": 0.01, "input_connectivity": 0.12499370583868272, "fb_connectivity": 0.1, "topology": "random", "activation": "tanh"}, "Readout": {"output_connectivity": 0.5}, "RL": {"eta": 0.017444201863949606, "beta": 18, "r_th": 0.006975544340245059, "reward": [1.0, 0.75, 0.5, 0.25], "penalty": -0.01, "decay": 0.3135739833385902}}