{"ESN_1": {"n_units": 167, "input_scaling": 1, "noise_rc": 6e-05, "rc_connectivity": 0.012288936879858357, "sr": 0.2117499581465921, "lr": 0.15704175269158513, "fb_scaling": 0.01, "input_connectivity": 0.4250031984742183, "fb_connectivity": 0.1, "topology": "random", "activation": "tanh"}, "ESN_2": {"n_units": 167, "input_scaling": 1, "noise_rc": 6e-05, "rc_connectivity": 0.00024776192240157536, "sr": 0.7346689727354705, "lr": 0.15843601758513984, "fb_scaling": 0.01, "input_connectivity": 0.1715263271041074, "fb_connectivity": 0.1, "topology": "random", "activation": "tanh"}, "ESN_3": {"n_units": 167, "input_scaling": 1, "noise_rc": 6e-05, "rc_connectivity": 0.0007100251218111191, "sr": 0.8851820420682356, "lr": 0.0005244849239141484, "fb_scaling": 0.01, "input_connectivity": 0.5495995791069316, "fb_connectivity": 0.1, "topology": "random", "activation": "tanh"}, "Readout": {"output_connectivity": 0.5}, "RL": {"eta": 0.008165401301569642, "beta": 15, "r_th": 0.006975544340245059, "reward": [1.0, 0.75, 0.5, 0.25], "penalty": -0.01, "decay": 0.9639445931837876}}