{"ESN_1": {"n_units": 167, "input_scaling": 1, "noise_rc": 6e-05, "rc_connectivity": 0.01401989550926779, "sr": 0.034139613882188294, "lr": 0.3420698645773446, "fb_scaling": 0.01, "input_connectivity": 0.920082075616115, "fb_connectivity": 0.1, "topology": "random", "activation": "tanh"}, "ESN_2": {"n_units": 167, "input_scaling": 1, "noise_rc": 6e-05, "rc_connectivity": 0.0015028266512035347, "sr": 0.22926146840244116, "lr": 0.17321557911979132, "fb_scaling": 0.01, "input_connectivity": 0.8207396360386542, "fb_connectivity": 0.1, "topology": "random", "activation": "tanh"}, "ESN_3": {"n_units": 167, "input_scaling": 1, "noise_rc": 6e-05, "rc_connectivity": 0.00546551981121402, "sr": 0.2153652271898035, "lr": 0.1641871400933418, "fb_scaling": 0.01, "input_connectivity": 0.11150605018506314, "fb_connectivity": 0.1, "topology": "random", "activation": "tanh"}, "Readout": {"output_connectivity": 0.5}, "RL": {"eta": 0.019199874950887152, "beta": 6, "r_th": 0.006975544340245059, "reward": [1.0, 0.75, 0.5, 0.25], "penalty": -0.01, "decay": 0.7090224682901415}}