{"ESN_1": {"n_units": 167, "input_scaling": 1, "noise_rc": 6e-05, "rc_connectivity": 0.003883071185039409, "sr": 0.025097270894924795, "lr": 0.005076238433375902, "fb_scaling": 0.01, "input_connectivity": 0.10838923098483348, "fb_connectivity": 0.1, "topology": "random", "activation": "tanh"}, "ESN_2": {"n_units": 167, "input_scaling": 1, "noise_rc": 6e-05, "rc_connectivity": 0.01652200156127613, "sr": 0.18647578348735327, "lr": 0.4120148714972765, "fb_scaling": 0.01, "input_connectivity": 0.14690827045042573, "fb_connectivity": 0.1, "topology": "random", "activation": "tanh"}, "ESN_3": {"n_units": 167, "input_scaling": 1, "noise_rc": 6e-05, "rc_connectivity": 0.036793585963983785, "sr": 0.012717436812760536, "lr": 0.3400487118786377, "fb_scaling": 0.01, "input_connectivity": 0.2247908978145619, "fb_connectivity": 0.1, "topology": "random", "activation": "tanh"}, "Readout": {"output_connectivity": 0.5}, "RL": {"eta": 0.029185606698360313, "beta": 6, "r_th": 0.006975544340245059, "reward": [1.0, 0.75, 0.5, 0.25], "penalty": -0.01, "decay": 0.5356083291558348}}