{"ESN_1": {"n_units": 167, "input_scaling": 1, "noise_rc": 6e-05, "rc_connectivity": 0.07149058323344316, "sr": 0.8754958368203972, "lr": 0.04867478449306531, "fb_scaling": 0.01, "input_connectivity": 0.12738980758818866, "fb_connectivity": 0.1, "topology": "random", "activation": "tanh"}, "ESN_2": {"n_units": 167, "input_scaling": 1, "noise_rc": 6e-05, "rc_connectivity": 0.09916324950199902, "sr": 0.14794877506749077, "lr": 0.05805183721638301, "fb_scaling": 0.01, "input_connectivity": 0.35208939016666246, "fb_connectivity": 0.1, "topology": "random", "activation": "tanh"}, "ESN_3": {"n_units": 167, "input_scaling": 1, "noise_rc": 6e-05, "rc_connectivity": 0.08905798978041665, "sr": 0.011051602678178889, "lr": 0.04356623776984715, "fb_scaling": 0.01, "input_connectivity": 0.4247500231440121, "fb_connectivity": 0.1, "topology": "random", "activation": "tanh"}, "Readout": {"output_connectivity": 0.5}, "RL": {"eta": 0.020282643979221426, "beta": 16, "r_th": 0.006975544340245059, "reward": [1.0, 0.75, 0.5, 0.25], "penalty": -0.01, "decay": 0.33776933250107455}}