{"ESN_1": {"n_units": 167, "input_scaling": 1, "noise_rc": 6e-05, "rc_connectivity": 0.0015104219054521363, "sr": 0.11188279478874362, "lr": 0.09553101952361853, "fb_scaling": 0.01, "input_connectivity": 0.5280194628736538, "fb_connectivity": 0.1, "topology": "random", "activation": "tanh"}, "ESN_2": {"n_units": 167, "input_scaling": 1, "noise_rc": 6e-05, "rc_connectivity": 0.00527956875239954, "sr": 1.6801043048456064, "lr": 0.1110729211011163, "fb_scaling": 0.01, "input_connectivity": 0.9128760011443289, "fb_connectivity": 0.1, "topology": "random", "activation": "tanh"}, "ESN_3": {"n_units": 167, "input_scaling": 1, "noise_rc": 6e-05, "rc_connectivity": 0.0008718774555627438, "sr": 0.010316481098487297, "lr": 0.5744218388046708, "fb_scaling": 0.01, "input_connectivity": 0.1849991062783899, "fb_connectivity": 0.1, "topology": "random", "activation": "tanh"}, "Readout": {"output_connectivity": 0.5}, "RL": {"eta": 0.008380027027111178, "beta": 11, "r_th": 0.006975544340245059, "reward": [1.0, 0.75, 0.5, 0.25], "penalty": -0.01, "decay": 0.6614916140244491}}