{"ESN_1": {"n_units": 167, "input_scaling": 1, "noise_rc": 6e-05, "rc_connectivity": 0.014172158487294622, "sr": 0.054983795058262945, "lr": 0.39701335454064884, "fb_scaling": 0.01, "input_connectivity": 0.15066615353279067, "fb_connectivity": 0.1, "topology": "random", "activation": "tanh"}, "ESN_2": {"n_units": 167, "input_scaling": 1, "noise_rc": 6e-05, "rc_connectivity": 0.00012146605217956204, "sr": 0.01649615846797794, "lr": 0.5915946322139961, "fb_scaling": 0.01, "input_connectivity": 0.25978330950620354, "fb_connectivity": 0.1, "topology": "random", "activation": "tanh"}, "ESN_3": {"n_units": 167, "input_scaling": 1, "noise_rc": 6e-05, "rc_connectivity": 0.0002822593860224342, "sr": 0.07937679687699013, "lr": 0.49404166020755114, "fb_scaling": 0.01, "input_connectivity": 0.11355124476888039, "fb_connectivity": 0.1, "topology": "random", "activation": "tanh"}, "Readout": {"output_connectivity": 0.5}, "RL": {"eta": 0.0775921417203474, "beta": 5, "r_th": 0.006975544340245059, "reward": [1.0, 0.75, 0.5, 0.25], "penalty": -0.01, "decay": 0.5394523263121886}}