{"ESN_1": {"n_units": 167, "input_scaling": 1, "noise_rc": 6e-05, "rc_connectivity": 0.02177415355136863, "sr": 0.018018043352266578, "lr": 0.19891995251774341, "fb_scaling": 0.01, "input_connectivity": 0.23108861281255474, "fb_connectivity": 0.1, "topology": "random", "activation": "tanh"}, "ESN_2": {"n_units": 167, "input_scaling": 1, "noise_rc": 6e-05, "rc_connectivity": 0.006121754528756366, "sr": 0.325546122558163, "lr": 0.11505880679350342, "fb_scaling": 0.01, "input_connectivity": 0.5695489334357444, "fb_connectivity": 0.1, "topology": "random", "activation": "tanh"}, "ESN_3": {"n_units": 167, "input_scaling": 1, "noise_rc": 6e-05, "rc_connectivity": 0.009219764302035516, "sr": 0.104956323967853, "lr": 0.0064227318166313625, "fb_scaling": 0.01, "input_connectivity": 0.17748213990626593, "fb_connectivity": 0.1, "topology": "random", "activation": "tanh"}, "Readout": {"output_connectivity": 0.5}, "RL": {"eta": 0.009382748071482643, "beta": 12, "r_th": 0.006975544340245059, "reward": [1.0, 0.75, 0.5, 0.25], "penalty": -0.01, "decay": 0.6656790091601339}}