{"ESN_1": {"n_units": 167, "input_scaling": 1, "noise_rc": 6e-05, "rc_connectivity": 0.0017132402426628705, "sr": 0.04945591961677087, "lr": 0.12595995247024297, "fb_scaling": 0.01, "input_connectivity": 0.28212546022041735, "fb_connectivity": 0.1, "topology": "random", "activation": "tanh"}, "ESN_2": {"n_units": 167, "input_scaling": 1, "noise_rc": 6e-05, "rc_connectivity": 0.002002593938036921, "sr": 0.9202391620511512, "lr": 0.0550452398831992, "fb_scaling": 0.01, "input_connectivity": 0.8307562681296424, "fb_connectivity": 0.1, "topology": "random", "activation": "tanh"}, "ESN_3": {"n_units": 167, "input_scaling": 1, "noise_rc": 6e-05, "rc_connectivity": 0.0005912633818984121, "sr": 0.010973452316416932, "lr": 0.040777549525213355, "fb_scaling": 0.01, "input_connectivity": 0.19539667825434695, "fb_connectivity": 0.1, "topology": "random", "activation": "tanh"}, "Readout": {"output_connectivity": 0.5}, "RL": {"eta": 0.011069728710733409, "beta": 10, "r_th": 0.006975544340245059, "reward": [1.0, 0.75, 0.5, 0.25], "penalty": -0.01, "decay": 0.7308104222687986}}