{"ESN": {"n_units": 500, "input_scaling": 1, "noise_rc": 6e-05, "rc_connectivity": 0.0029039084908156344, "sr": 0.010075741548099487, "lr": 0.07859730748611968, "fb_scaling": 0.01, "input_connectivity": 0.4782158540574415, "fb_connectivity": 0.1, "output_connectivity": 0.5, "topology": "random", "activation": "tanh", "eta": 0.03415175466478982, "beta": 6, "decay": 0.8601552401703114}, "RL": {"eta": 0.008207007500408299, "beta": 13, "r_th": 0, "reward": [1.0, 0.75, 0.5, 0.2], "penalty": -0.01, "decay": 0.5556299273940056}}