{"ESN": {"n_units": 500, "input_scaling": 1, "noise_rc": 6e-05, "rc_connectivity": 0.007891450871515274, "sr": 0.1927126164397971, "lr": 0.48698493636856444,"fb_scaling": 0.01, "input_connectivity": 0.24492017658197218, "fb_connectivity": 0.0018199425983765516, "output_connectivity": 0.5, "topology": "random", "activation": "tanh"}, "RL": {"eta": 0.017943371088803943, "beta": 15, "decay": 0.442772782961945, "r_th": 0, "reward": [1.0, 0.75, 0.5, 0.2], "penalty": -0.01}}