{"ESN": {"n_units": 500, "input_scaling": 1, "noise_rc": 6e-05, "rc_connectivity": 0.007771357708589077, "sr": 0.41897688613587075, "lr": 0.07040673508029519, "fb_scaling": 0.01, "input_connectivity": 0.22747295094985384, "fb_connectivity": 0.1, "output_connectivity": 0.5, "topology": "random", "activation": "tanh"}, "RL": {"eta": 0.01235635619373347, "beta": 14, "r_th": 0, "reward": [1.0, 0.75, 0.5, 0.2], "penalty": -0.01, "decay": 0.4663596678380619}}