{"ESN": {"n_units": 500, "input_scaling": 1, "noise_rc": 6e-05, "rc_connectivity": 0.027883459111613995, "sr": 0.17340045656865694, "lr": 0.5006052417408121, "fb_scaling": 0.01, "input_connectivity": 0.21531235094337386, "fb_connectivity": 0.1, "output_connectivity": 0.5, "topology": "random", "activation": "tanh", "eta": 0.03415175466478982, "beta": 6, "decay": 0.8601552401703114}, "RL": {"eta": 0.03415175466478982, "beta": 6, "r_th": 0, "reward": [1.0, 0.75, 0.5, 0.2], "penalty": -0.01, "decay": 0.8601552401703114}}