{"ESN": {"n_units": 500, "input_scaling": 1, "noise_rc": 6e-05, "rc_connectivity": 0.0010806183648367858, "sr": 0.42942551336072504, "lr": 0.21218222242125306, "fb_scaling": 0.01, "input_connectivity": 0.4543812400259085, "fb_connectivity": 0.1, "output_connectivity": 0.5, "topology": "random", "activation": "tanh"}, "RL": {"eta": 0.009910064840573727, "beta": 6, "r_th": 0, "reward": [1.0, 0.75, 0.5, 0.2], "penalty": -0.01, "decay": 0.5733592136166284}}