{"ESN": {"n_units": 500, "input_scaling": 1, "noise_rc": 6e-05, "rc_connectivity": 0.030140143578386656, "sr": 0.013703293030281305, "lr": 0.060657422730516566, "fb_scaling": 0.01, "input_connectivity": 0.37925732275269736, "fb_connectivity": 0.1, "output_connectivity": 0.5, "topology": "random", "activation": "tanh", "eta": 0.03415175466478982, "beta": 6, "decay": 0.8601552401703114}, "RL": {"eta": 0.005080062941139355, "beta": 18, "r_th": 0, "reward": [1.0, 0.75, 0.5, 0.2], "penalty": -0.01, "decay": 0.6222692398583565}}