{"ESN": {"n_units": 500, "input_scaling": 1, "noise_rc": 6e-05, "rc_connectivity": 0.0012910828868715244, "sr": 1.9799159998202387, "lr": 0.09217480226756476, "fb_scaling": 0.01, "input_connectivity": 0.26691320234561655, "fb_connectivity": 0.1, "output_connectivity": 0.5, "topology": "random", "activation": "tanh"}, "RL": {"eta": 0.03031687293034004, "beta": 5, "r_th": 0, "reward": [1.0, 0.75, 0.5, 0.2], "penalty": -0.01, "decay": 0.5985228974132288}}