{"ESN_1": {"n_units": 167, "input_scaling": 1, "noise_rc": 6e-05, "rc_connectivity": 0.002064393005000097, "sr": 0.03167222348178423, "lr": 0.17790595983096327, "fb_scaling": 0.01, "input_connectivity": 0.3897897991020044, "fb_connectivity": 0.012819479023600694, "topology": "random", "activation": "tanh"}, "ESN_2": {"n_units": 167, "input_scaling": 1, "noise_rc": 6e-05, "rc_connectivity": 0.0002251074328788598, "sr": 0.7274600232180463, "lr": 0.015842179608184227, "fb_scaling": 0.01, "input_connectivity": 0.12159025519054507, "fb_connectivity": 0.0007755810174415741, "topology": "random", "activation": "tanh"}, "ESN_3": {"n_units": 167, "input_scaling": 1, "noise_rc": 6e-05, "rc_connectivity": 0.01578169974507266, "sr": 0.11670153113364061, "lr": 0.000794798063694656, "fb_scaling": 0.01, "input_connectivity": 0.401964288967412, "fb_connectivity": 0.1, "topology": "random", "activation": "tanh"}, "Readout": {"output_connectivity": 0.8268349117034502}, "RL": {"eta": 0.0026304011083590944, "beta": 12, "r_th": 0.006975544340245059, "reward": [1.0, 0.75, 0.5, 0.25], "penalty": -0.01, "decay": 0.32275411978786517}}