{"ESN_1": {"n_units": 167, "input_scaling": 1, "noise_rc": 6e-05, "rc_connectivity": 0.07541608913918348, "sr": 0.12111055132503867, "lr": 0.3735419902938601, "fb_scaling": 0.01, "input_connectivity": 0.16051007311993915, "fb_connectivity": 0.1, "topology": "random", "activation": "tanh"}, "ESN_2": {"n_units": 167, "input_scaling": 1, "noise_rc": 6e-05, "rc_connectivity": 0.03880977740731131, "sr": 0.1682093537404668, "lr": 0.3317600043385171, "fb_scaling": 0.01, "input_connectivity": 0.27487437567522627, "fb_connectivity": 0.1, "topology": "random", "activation": "tanh"}, "ESN_3": {"n_units": 167, "input_scaling": 1, "noise_rc": 6e-05, "rc_connectivity": 0.029432855117237172, "sr": 0.16980811985667763, "lr": 0.006650249960367989, "fb_scaling": 0.01, "input_connectivity": 0.13823980699407035, "fb_connectivity": 0.1, "topology": "random", "activation": "tanh"}, "Readout": {"output_connectivity": 0.5}, "RL": {"eta": 0.0242231459484805, "beta": 17, "r_th": 0.006975544340245059, "reward": [1.0, 0.75, 0.5, 0.25], "penalty": -0.01, "decay": 0.6698943661019081}}