{"ESN_1": {"n_units": 167, "input_scaling": 1, "noise_rc": 6e-05, "rc_connectivity": 0.038078663973720714, "sr": 0.04677377047361732, "lr": 0.07596286096101494, "fb_scaling": 0.01, "input_connectivity": 0.5324007844813182, "fb_connectivity": 0.1, "topology": "random", "activation": "tanh"}, "ESN_2": {"n_units": 167, "input_scaling": 1, "noise_rc": 6e-05, "rc_connectivity": 0.07616391472446012, "sr": 0.032081244889346744, "lr": 0.09682284676792839, "fb_scaling": 0.01, "input_connectivity": 0.26635941220973647, "fb_connectivity": 0.1, "topology": "random", "activation": "tanh"}, "ESN_3": {"n_units": 167, "input_scaling": 1, "noise_rc": 6e-05, "rc_connectivity": 0.01578169974507266, "sr": 0.11670153113364061, "lr": 0.000794798063694656, "fb_scaling": 0.01, "input_connectivity": 0.401964288967412, "fb_connectivity": 0.1, "topology": "random", "activation": "tanh"}, "Readout": {"output_connectivity": 0.5}, "RL": {"eta": 0.012777059986866832, "beta": 13, "r_th": 0.006975544340245059, "reward": [1.0, 0.75, 0.5, 0.25], "penalty": -0.01, "decay": 0.5913924503758757}}