{"ESN_1": {"n_units": 167, "input_scaling": 1, "noise_rc": 6e-05, "rc_connectivity": 0.0072111265176798365, "sr": 0.03366209434205819, "lr": 0.12978545986442316, "fb_scaling": 0.01, "input_connectivity": 0.2518072417627161, "fb_connectivity": 0.1, "topology": "random", "activation": "tanh"}, "ESN_2": {"n_units": 167, "input_scaling": 1, "noise_rc": 6e-05, "rc_connectivity": 0.05782209589939017, "sr": 0.053689208875590734, "lr": 0.09065909322713706, "fb_scaling": 0.01, "input_connectivity": 0.29800020693788426, "fb_connectivity": 0.1, "topology": "random", "activation": "tanh"}, "ESN_3": {"n_units": 167, "input_scaling": 1, "noise_rc": 6e-05, "rc_connectivity": 0.005497487728728498, "sr": 0.011317611717705144, "lr": 0.15716549035136948, "fb_scaling": 0.01, "input_connectivity": 0.12337113692697686, "fb_connectivity": 0.1, "topology": "random", "activation": "tanh"}, "Readout": {"output_connectivity": 0.5}, "RL": {"eta": 0.008408316076281086, "beta": 20, "r_th": 0.006975544340245059, "reward": [1.0, 0.75, 0.5, 0.25], "penalty": -0.01, "decay": 0.821980152281532}}