{"ESN_1": {"n_units": 167, "input_scaling": 1, "noise_rc": 6e-05, "rc_connectivity": 0.056603092103620155, "sr": 0.01678855765364763, "lr": 0.16070908256562094, "fb_scaling": 0.01, "input_connectivity": 0.3221074910518718, "fb_connectivity": 0.1, "topology": "random", "activation": "tanh"}, "ESN_2": {"n_units": 167, "input_scaling": 1, "noise_rc": 6e-05, "rc_connectivity": 0.02455211617106522, "sr": 0.34187450427592725, "lr": 0.15618614165107764, "fb_scaling": 0.01, "input_connectivity": 0.38697439873983924, "fb_connectivity": 0.1, "topology": "random", "activation": "tanh"}, "ESN_3": {"n_units": 167, "input_scaling": 1, "noise_rc": 6e-05, "rc_connectivity": 0.00013158446978809113, "sr": 0.6822794389239876, "lr": 0.16157963064908673, "fb_scaling": 0.01, "input_connectivity": 0.5058775792297275, "fb_connectivity": 0.1, "topology": "random", "activation": "tanh"}, "Readout": {"output_connectivity": 0.5}, "RL": {"eta": 0.007275103474369294, "beta": 7, "r_th": 0.006975544340245059, "reward": [1.0, 0.75, 0.5, 0.25], "penalty": -0.01, "decay": 0.4963099961847415}}