{"ESN_1": {"n_units": 167, "input_scaling": 1, "noise_rc": 6e-05, "rc_connectivity": 0.013668546612178237, "sr": 0.018012970773114482, "lr": 0.010019747459221524, "fb_scaling": 0.01, "input_connectivity": 0.7878242792555471, "fb_connectivity": 0.1, "topology": "random", "activation": "tanh"}, "ESN_2": {"n_units": 167, "input_scaling": 1, "noise_rc": 6e-05, "rc_connectivity": 0.0608733940652702, "sr": 0.41998377186702013, "lr": 0.09580196022943546, "fb_scaling": 0.01, "input_connectivity": 0.2752001755370906, "fb_connectivity": 0.1, "topology": "random", "activation": "tanh"}, "ESN_3": {"n_units": 167, "input_scaling": 1, "noise_rc": 6e-05, "rc_connectivity": 0.00214965977202402, "sr": 0.014490654564739563, "lr": 0.1836481451186762, "fb_scaling": 0.01, "input_connectivity": 0.11506305311356506, "fb_connectivity": 0.1, "topology": "random", "activation": "tanh"}, "Readout": {"output_connectivity": 0.5}, "RL": {"eta": 0.008077108113748835, "beta": 19, "r_th": 0.006975544340245059, "reward": [1.0, 0.75, 0.5, 0.25], "penalty": -0.01, "decay": 0.7567704311996776}}