{"ESN_1": {"n_units": 167, "input_scaling": 1, "noise_rc": 6e-05, "rc_connectivity": 0.002858220889257465, "sr": 0.16136665416818216, "lr": 0.14700110939081254, "fb_scaling": 0.01, "input_connectivity": 0.6123713190176743, "fb_connectivity": 0.1, "topology": "random", "activation": "tanh"}, "ESN_2": {"n_units": 167, "input_scaling": 1, "noise_rc": 6e-05, "rc_connectivity": 0.007119682148163126, "sr": 0.22737361703463968, "lr": 0.07520946501339255, "fb_scaling": 0.01, "input_connectivity": 0.7131733808938171, "fb_connectivity": 0.1, "topology": "random", "activation": "tanh"}, "ESN_3": {"n_units": 167, "input_scaling": 1, "noise_rc": 6e-05, "rc_connectivity": 0.0033277301978136896, "sr": 0.017944376577478386, "lr": 0.0006386971314793206, "fb_scaling": 0.01, "input_connectivity": 0.17645422936425634, "fb_connectivity": 0.1, "topology": "random", "activation": "tanh"}, "Readout": {"output_connectivity": 0.5}, "RL": {"eta": 0.004917766573125627, "beta": 19, "r_th": 0.006975544340245059, "reward": [1.0, 0.75, 0.5, 0.25], "penalty": -0.01, "decay": 0.544988066031133}}