{"ESN_1": {"n_units": 167, "input_scaling": 1, "noise_rc": 6e-05, "rc_connectivity": 0.06707557119156336, "sr": 0.010096491947333294, "lr": 0.3093404005309002, "fb_scaling": 0.01, "input_connectivity": 0.11935509674084836, "fb_connectivity": 0.1, "topology": "random", "activation": "tanh"}, "ESN_2": {"n_units": 167, "input_scaling": 1, "noise_rc": 6e-05, "rc_connectivity": 0.028478636392735124, "sr": 0.11734055887006363, "lr": 0.3797303623633437, "fb_scaling": 0.01, "input_connectivity": 0.1104318913836695, "fb_connectivity": 0.1, "topology": "random", "activation": "tanh"}, "ESN_3": {"n_units": 167, "input_scaling": 1, "noise_rc": 6e-05, "rc_connectivity": 0.03448644068970566, "sr": 0.18172784628729408, "lr": 0.0012456517722810837, "fb_scaling": 0.01, "input_connectivity": 0.11699084270574439, "fb_connectivity": 0.1, "topology": "random", "activation": "tanh"}, "Readout": {"output_connectivity": 0.5}, "RL": {"eta": 0.017518586300572507, "beta": 19, "r_th": 0.006975544340245059, "reward": [1.0, 0.75, 0.5, 0.25], "penalty": -0.01, "decay": 0.5556274729194574}}