{"ESN_1": {"n_units": 125, "input_scaling": 1, "noise_rc": 6e-05, "rc_connectivity": 0.00016701690763761258, "sr": 0.014385449353223013, "lr": 0.09484656527599754, "fb_scaling": 0.01, "input_connectivity": 0.3057187362584078, "fb_connectivity": 0.045942087171270324, "topology": "random", "activation": "tanh"}, "ESN_2": {"n_units": 125, "input_scaling": 1, "noise_rc": 6e-05, "rc_connectivity": 0.00011650807802029062, "sr": 0.18482785028386872, "lr": 0.0965757736496569, "fb_scaling": 0.01, "input_connectivity": 0.27691522146899233, "fb_connectivity": 0.004873024920544783, "topology": "random", "activation": "tanh"}, "ESN_3": {"n_units": 125, "input_scaling": 1, "noise_rc": 6e-05, "rc_connectivity": 0.00021038813010931684, "sr": 0.0348737706731836, "lr": 0.11019135707625675, "fb_scaling": 0.01, "input_connectivity": 0.15314700738893536, "fb_connectivity": 0.1, "topology": "random", "activation": "tanh"}, "ESN_4": {"n_units": 125, "input_scaling": 1, "noise_rc": 6e-05, "rc_connectivity": 0.0009576515009883053, "sr": 0.2091819066378311, "lr": 0.4477447138369653, "fb_scaling": 0.01, "input_connectivity": 0.2307134296795051, "fb_connectivity": 0.1, "topology": "random", "activation": "tanh"}, "Readout": {"output_connectivity": 0.8315125203352858}, "RL": {"eta": 0.00833011568117469, "beta": 15, "r_th": 0.006975544340245059, "reward": [1.0, 0.75, 0.5, 0.25], "penalty": -0.01, "decay": 0.3975667412293977}}