{"ESN_1": {"n_units": 125, "input_scaling": 1, "noise_rc": 6e-05, "rc_connectivity": 0.0003223083678636316, "sr": 0.04679710001217669, "lr": 0.0816105513539499, "fb_scaling": 0.01, "input_connectivity": 0.6740136855482591, "fb_connectivity": 0.1, "topology": "random", "activation": "tanh"}, "ESN_2": {"n_units": 125, "input_scaling": 1, "noise_rc": 6e-05, "rc_connectivity": 0.0011651920157793522, "sr": 1.334373979321136, "lr": 0.0025297986259286936, "fb_scaling": 0.01, "input_connectivity": 0.31353384675058676, "fb_connectivity": 0.1, "topology": "random", "activation": "tanh"}, "ESN_3": {"n_units": 125, "input_scaling": 1, "noise_rc": 6e-05, "rc_connectivity": 0.00021038813010931684, "sr": 0.0348737706731836, "lr": 0.11019135707625675, "fb_scaling": 0.01, "input_connectivity": 0.15314700738893536, "fb_connectivity": 0.1, "topology": "random", "activation": "tanh"}, "ESN_4": {"n_units": 125, "input_scaling": 1, "noise_rc": 6e-05, "rc_connectivity": 0.0009576515009883053, "sr": 0.2091819066378311, "lr": 0.4477447138369653, "fb_scaling": 0.01, "input_connectivity": 0.2307134296795051, "fb_connectivity": 0.1, "topology": "random", "activation": "tanh"}, "Readout": {"output_connectivity": 0.5}, "RL": {"eta": 0.01756237615664444, "beta": 10, "r_th": 0.006975544340245059, "reward": [1.0, 0.75, 0.5, 0.25], "penalty": -0.01, "decay": 0.89494047442658}}