{"ESN_1": {"n_units": 125, "input_scaling": 1, "noise_rc": 6e-05, "rc_connectivity": 0.00017167123926541364, "sr": 0.021448184170431598, "lr": 0.282064760854477, "fb_scaling": 0.01, "input_connectivity": 0.21997495770273529, "fb_connectivity": 0.00013169017922688096, "topology": "random", "activation": "tanh"}, "ESN_2": {"n_units": 125, "input_scaling": 1, "noise_rc": 6e-05, "rc_connectivity": 0.0028492451421420584, "sr": 0.021220997581143437, "lr": 0.10905445004458701, "fb_scaling": 0.01, "input_connectivity": 0.13827650714129522, "fb_connectivity": 0.00011707705981526359, "topology": "random", "activation": "tanh"}, "ESN_3": {"n_units": 125, "input_scaling": 1, "noise_rc": 6e-05, "rc_connectivity": 0.0018356087181545494, "sr": 0.645393278861706, "lr": 0.4640288856607012, "fb_scaling": 0.01, "input_connectivity": 0.30341248741416865, "fb_connectivity": 0.008708170890521033, "topology": "random", "activation": "tanh"}, "ESN_4": {"n_units": 125, "input_scaling": 1, "noise_rc": 6e-05, "rc_connectivity": 0.0009576515009883053, "sr": 0.2091819066378311, "lr": 0.4477447138369653, "fb_scaling": 0.01, "input_connectivity": 0.2307134296795051, "fb_connectivity": 0.1, "topology": "random", "activation": "tanh"}, "Readout": {"output_connectivity": 0.6197031318997379}, "RL": {"eta": 0.0040955135127295345, "beta": 8, "r_th": 0.006975544340245059, "reward": [1.0, 0.75, 0.5, 0.25], "penalty": -0.01, "decay": 0.3405412485908349}}