{"ESN_1": {"n_units": 125, "input_scaling": 1, "noise_rc": 6e-05, "rc_connectivity": 0.00016089448923609727, "sr": 0.9916938765042441, "lr": 0.3183275763050334, "fb_scaling": 0.01, "input_connectivity": 0.2596739019006229, "fb_connectivity": 0.1, "topology": "random", "activation": "tanh"}, "ESN_2": {"n_units": 125, "input_scaling": 1, "noise_rc": 6e-05, "rc_connectivity": 0.0011435262022460575, "sr": 0.19838300309535725, "lr": 0.012478133648259603, "fb_scaling": 0.01, "input_connectivity": 0.32901493195317527, "fb_connectivity": 0.1, "topology": "random", "activation": "tanh"}, "ESN_3": {"n_units": 125, "input_scaling": 1, "noise_rc": 6e-05, "rc_connectivity": 0.0002206885684036562, "sr": 0.12436140341268737, "lr": 0.4297079300196685, "fb_scaling": 0.01, "input_connectivity": 0.5482146237484701, "fb_connectivity": 0.1, "topology": "random", "activation": "tanh"}, "ESN_4": {"n_units": 125, "input_scaling": 1, "noise_rc": 6e-05, "rc_connectivity": 0.0009576515009883053, "sr": 0.2091819066378311, "lr": 0.4477447138369653, "fb_scaling": 0.01, "input_connectivity": 0.2307134296795051, "fb_connectivity": 0.1, "topology": "random", "activation": "tanh"}, "Readout": {"output_connectivity": 0.5}, "RL": {"eta": 0.05600585813330624, "beta": 5, "r_th": 0.006975544340245059, "reward": [1.0, 0.75, 0.5, 0.25], "penalty": -0.01, "decay": 0.4671111933593917}}