{"ESN_1": {"n_units": 125, "input_scaling": 1, "noise_rc": 6e-05, "rc_connectivity": 0.015063268905932167, "sr": 0.22762545657787, "lr": 0.1194916475448465, "fb_scaling": 0.01, "input_connectivity": 0.4214478756166899, "fb_connectivity": 0.1, "topology": "random", "activation": "tanh"}, "ESN_2": {"n_units": 125, "input_scaling": 1, "noise_rc": 6e-05, "rc_connectivity": 0.05781689548095995, "sr": 0.8165677481247207, "lr": 0.08229441754532404, "fb_scaling": 0.01, "input_connectivity": 0.9965018060339833, "fb_connectivity": 0.1, "topology": "random", "activation": "tanh"}, "ESN_3": {"n_units": 125, "input_scaling": 1, "noise_rc": 6e-05, "rc_connectivity": 0.0001886691691514262, "sr": 0.14867939196505914, "lr": 0.06124038283554857, "fb_scaling": 0.01, "input_connectivity": 0.2599352961171125, "fb_connectivity": 0.1, "topology": "random", "activation": "tanh"}, "ESN_4": {"n_units": 125, "input_scaling": 1, "noise_rc": 6e-05, "rc_connectivity": 0.0009576515009883053, "sr": 0.2091819066378311, "lr": 0.4477447138369653, "fb_scaling": 0.01, "input_connectivity": 0.2307134296795051, "fb_connectivity": 0.1, "topology": "random", "activation": "tanh"}, "Readout": {"output_connectivity": 0.5}, "RL": {"eta": 0.01282709280311569, "beta": 10, "r_th": 0.006975544340245059, "reward": [1.0, 0.75, 0.5, 0.25], "penalty": -0.01, "decay": 0.5740877638130623}}