{"ESN_1": {"n_units": 125, "input_scaling": 1, "noise_rc": 6e-05, "rc_connectivity": 0.00034378085002967405, "sr": 0.7682396420061484, "lr":  0.19039423502378272, "fb_scaling": 0.01, "input_connectivity": 0.9956, "fb_connectivity": 0.1, "topology": "random", "activation": "tanh"},
  "ESN_2": {"n_units": 125, "input_scaling": 1, "noise_rc": 6e-05, "rc_connectivity": 0.0002522437081078351, "sr": 0.18619986105308323, "lr":  0.08592844891666415, "fb_scaling": 0.01, "input_connectivity":  0.4019055661336811, "fb_connectivity": 0.1, "topology": "random", "activation": "tanh"},
  "ESN_3": {"n_units": 125, "input_scaling": 1, "noise_rc": 6e-05, "rc_connectivity": 0.00019683597430986816, "sr": 0.8431600706314439, "lr":  0.3782238944819247, "fb_scaling": 0.01, "input_connectivity":  0.13253179837948936, "fb_connectivity": 0.1, "topology": "random", "activation": "tanh"},
  "Readout": {"output_connectivity": 0.5}, "RL": {"eta":  0.01424679755211273, "beta": 13, "r_th": 0.006975544340245059, "reward": [1.0, 0.75, 0.5, 0.25], "penalty": -0.01, "decay": 0.47289979855521175}}