{"ESN_1": {"n_units": 250, "input_scaling": 1, "noise_rc": 6e-05, "rc_connectivity": 0.0022960833139249823, "sr": 0.04282073079544692, "lr": 0.14833856536347106, "fb_scaling": 0.01, "input_connectivity": 0.12583762369484328, "fb_connectivity": 0.00035472515495935764, "topology": "random", "activation": "tanh"},
  "ESN_2": {"n_units": 250, "input_scaling": 1, "noise_rc": 6e-05, "rc_connectivity": 0.0009740223344237076, "sr": 0.14946158914062926, "lr": 0.06922816836166247, "fb_scaling": 0.01, "input_connectivity": 0.8716872803109994, "fb_connectivity": 0.008723710915356559, "topology": "random", "activation": "tanh"},
  "Readout": {"output_connectivity": 0.7160381548708944}, "RL": {"eta": 0.00597932476430146, "beta": 14, "r_th": 0.006975544340245059, "reward": [1.0, 0.75, 0.5, 0.25], "penalty": -0.01, "decay": 0.510392583849117}}