{"ESN_1": {"n_units": 250, "input_scaling": 1, "noise_rc": 6e-05, "rc_connectivity": 0.017428718556742055, "sr": 0.0978729367365015, "lr": 0.0009714522241194454, "fb_scaling": 0.01, "input_connectivity": 0.43157907454019845, "fb_connectivity": 0.0009162721174549401, "topology": "random", "activation": "tanh"}, "ESN_2": {"n_units": 250, "input_scaling": 1, "noise_rc": 6e-05, "rc_connectivity": 0.0034502920024501145, "sr": 0.07445330785635765, "lr": 0.576934934738381, "fb_scaling": 0.01, "input_connectivity": 0.9167917122602525, "fb_connectivity": 0.017110109606933013, "topology": "random", "activation": "tanh"}, "Readout": {"output_connectivity": 0.8634214087882076}, "RL": {"eta": 0.0038657239419795293, "beta": 7, "r_th": 0.006975544340245059, "reward": [1.0, 0.75, 0.5, 0.25], "penalty": -0.01, "decay": 0.5718377648165499}}