{"ESN_1": {"n_units": 250, "input_scaling": 1, "noise_rc": 6e-05, "rc_connectivity": 0.028168171565640467, "sr": 0.010015695294985054, "lr": 0.04947531924516595, "fb_scaling": 0.01, "input_connectivity": 0.18224410129209073, "fb_connectivity": 0.007361252275030736, "topology": "random", "activation": "tanh"}, "ESN_2": {"n_units": 250, "input_scaling": 1, "noise_rc": 6e-05, "rc_connectivity": 0.025568257215426205, "sr": 0.8321474560179702, "lr": 0.048262297601557244, "fb_scaling": 0.01, "input_connectivity": 0.2969146520253832, "fb_connectivity": 0.12978077330494825, "topology": "random", "activation": "tanh"}, "Readout": {"output_connectivity": 0.8502473960129098}, "RL": {"eta": 0.020296515632124066, "beta": 7, "r_th": 0.006975544340245059, "reward": [1.0, 0.75, 0.5, 0.25], "penalty": -0.01, "decay": 0.4199179875414678}}