{"ESN_1": {"n_units": 167, "input_scaling": 1, "noise_rc": 6e-05, "rc_connectivity": 0.08451856491814361, "sr": 0.04900666400278605, "lr": 0.03956700226053456, "fb_scaling": 0.01, "input_connectivity": 0.36530595240939356, "fb_connectivity": 0.1, "topology": "random", "activation": "tanh"}, "ESN_2": {"n_units": 167, "input_scaling": 1, "noise_rc": 6e-05, "rc_connectivity": 0.007366455057635018, "sr": 0.1026766368797388, "lr": 0.08347261077327245, "fb_scaling": 0.01, "input_connectivity": 0.30156038727029694, "fb_connectivity": 0.1, "topology": "random", "activation": "tanh"}, "Readout": {"output_connectivity": 0.5}, "RL": {"eta": 0.021765074841217424, "beta": 15, "r_th": 0.006975544340245059, "reward": [1.0, 0.75, 0.5, 0.25], "penalty": -0.01, "decay": 0.3567782441414416}}