{"ESN_1": {"n_units": 167, "input_scaling": 1, "noise_rc": 6e-05, "rc_connectivity": 0.00015059052250270715, "sr": 1.520699338888379, "lr": 0.08469731197424245, "fb_scaling": 0.01, "input_connectivity": 0.44916619864420165, "fb_connectivity": 0.1, "topology": "random", "activation": "tanh"}, "ESN_2": {"n_units": 167, "input_scaling": 1, "noise_rc": 6e-05, "rc_connectivity": 0.0005309314088882878, "sr": 0.010014567649196286, "lr": 0.05792544397500515, "fb_scaling": 0.01, "input_connectivity": 0.2162186826886354, "fb_connectivity": 0.1, "topology": "random", "activation": "tanh"}, "Readout": {"output_connectivity": 0.5}, "RL": {"eta": 0.016682362723221208, "beta": 13, "r_th": 0.006975544340245059, "reward": [1.0, 0.75, 0.5, 0.25], "penalty": -0.01, "decay": 0.40382182879932105}}