{"ESN_1": {"n_units": 167, "input_scaling": 1, "noise_rc": 6e-05, "rc_connectivity": 0.0005784644786640297, "sr": 0.10385631679122016, "lr": 0.34351483743231875, "fb_scaling": 0.01, "input_connectivity": 0.5719392515447723, "fb_connectivity": 0.1, "topology": "random", "activation": "tanh"}, "ESN_2": {"n_units": 167, "input_scaling": 1, "noise_rc": 6e-05, "rc_connectivity": 0.028801145264825904, "sr": 0.045693692866993076, "lr": 0.4607133937050729, "fb_scaling": 0.01, "input_connectivity": 0.1276392969561889, "fb_connectivity": 0.1, "topology": "random", "activation": "tanh"}, "Readout": {"output_connectivity": 0.5}, "RL": {"eta": 0.0233457372144108, "beta": 6, "r_th": 0.006975544340245059, "reward": [1.0, 0.75, 0.5, 0.25], "penalty": -0.01, "decay": 0.489867345114837}}