{"ESN_1": {"n_units": 167, "input_scaling": 1, "noise_rc": 6e-05, "rc_connectivity": 0.08448486354672148, "sr": 0.043671187950732195, "lr": 0.04048085140639168, "fb_scaling": 0.01, "input_connectivity": 0.3291260450170916, "fb_connectivity": 0.1, "topology": "random", "activation": "tanh"}, "ESN_2": {"n_units": 167, "input_scaling": 1, "noise_rc": 6e-05, "rc_connectivity": 0.009405986113451567, "sr": 0.13940124634503823, "lr": 0.06808459933682076, "fb_scaling": 0.01, "input_connectivity": 0.3207017655577338, "fb_connectivity": 0.1, "topology": "random", "activation": "tanh"}, "Readout": {"output_connectivity": 0.5}, "RL": {"eta": 0.025289554970579664, "beta": 14, "r_th": 0.006975544340245059, "reward": [1.0, 0.75, 0.5, 0.25], "penalty": -0.01, "decay": 0.3854697223319007}}