{"ESN_1": {"n_units": 167, "input_scaling": 1, "noise_rc": 6e-05, "rc_connectivity": 0.014104458126152403, "sr": 0.013327977877493367, "lr": 0.6289305520969614, "fb_scaling": 0.01, "input_connectivity": 0.10397727023945337, "fb_connectivity": 0.1, "topology": "random", "activation": "tanh"}, "ESN_2": {"n_units": 167, "input_scaling": 1, "noise_rc": 6e-05, "rc_connectivity": 0.0001831156840518931, "sr": 0.0875159345724287, "lr": 0.3146587419447193, "fb_scaling": 0.01, "input_connectivity": 0.1174821782499156, "fb_connectivity": 0.1, "topology": "random", "activation": "tanh"}, "Readout": {"output_connectivity": 0.5}, "RL": {"eta": 0.022027338087886622, "beta": 17, "r_th": 0.006975544340245059, "reward": [1.0, 0.75, 0.5, 0.25], "penalty": -0.01, "decay": 0.30652113574435186}}