{"ESN_1": {"n_units": 250, "input_scaling": 1, "noise_rc": 6e-05, "rc_connectivity": 0.0001417371955879093, "sr": 0.9185171231160062, "lr": 0.06246774106746679, "fb_scaling": 0.01, "input_connectivity": 0.9998246497425072, "fb_connectivity": 0.0005543505660159379, "topology": "random", "activation": "tanh"}, "ESN_2": {"n_units": 250, "input_scaling": 1, "noise_rc": 6e-05, "rc_connectivity": 0.03712373789032953, "sr": 0.4928587696592433, "lr": 0.45529162035382903, "fb_scaling": 0.01, "input_connectivity": 0.138975290971935, "fb_connectivity": 0.07646978580909444, "topology": "random", "activation": "tanh"}, "Readout": {"output_connectivity": 0.9884421209500531}, "RL": {"eta": 0.01953910889814169, "beta": 12, "r_th": 0.006975544340245059, "reward": [1.0, 0.75, 0.5, 0.25], "penalty": -0.01, "decay": 0.4788742812053125}}