{"ESN_1": {"n_units": 167, "input_scaling": 1, "noise_rc": 6e-05, "rc_connectivity": 0.005524107546446503, "sr": 0.01008500728394341, "lr": 0.07833936778740638, "fb_scaling": 0.01, "input_connectivity": 0.2318098347885165, "fb_connectivity": 0.1, "topology": "random", "activation": "tanh"}, "ESN_2": {"n_units": 167, "input_scaling": 1, "noise_rc": 6e-05, "rc_connectivity": 0.02190204473147526, "sr": 0.3292667645987386, "lr": 0.08780312442559032, "fb_scaling": 0.01, "input_connectivity": 0.22060101644950028, "fb_connectivity": 0.1, "topology": "random", "activation": "tanh"}, "Readout": {"output_connectivity": 0.5}, "RL": {"eta": 0.017235402103388205, "beta": 9, "r_th": 0.006975544340245059, "reward": [1.0, 0.75, 0.5, 0.25], "penalty": -0.01, "decay": 0.3365637205441238}}