{"ESN_1": {"n_units": 250, "input_scaling": 1, "noise_rc": 6e-05, "rc_connectivity": 0.0007235673677842827, "sr": 0.012145145488130683, "lr": 0.2222306427900259, "fb_scaling": 0.01, "input_connectivity": 0.31613044559298165, "fb_connectivity": 0.1, "topology": "random", "activation": "tanh"}, "ESN_2": {"n_units": 250, "input_scaling": 1, "noise_rc": 6e-05, "rc_connectivity": 0.05360390866786551, "sr": 0.019940148505204994, "lr": 0.0951616719905455, "fb_scaling": 0.01, "input_connectivity": 0.12896323780455812, "fb_connectivity": 0.1, "topology": "random", "activation": "tanh"}, "Readout": {"output_connectivity": 0.5}, "RL": {"eta": 0.013236129952391883, "beta": 11, "r_th": 0.006975544340245059, "reward": [1.0, 0.75, 0.5, 0.25], "penalty": -0.01, "decay": 0.5181347848134259}}