{"ESN_1": {"n_units": 250, "input_scaling": 1, "noise_rc": 6e-05, "rc_connectivity": 0.0008229783185099907, "sr": 0.01072057001262195, "lr": 0.14655304553465598, "fb_scaling": 0.01, "input_connectivity": 0.4103608720240749, "fb_connectivity": 0.010268687980719657, "topology": "random", "activation": "tanh"}, "ESN_2": {"n_units": 250, "input_scaling": 1, "noise_rc": 6e-05, "rc_connectivity": 0.010694913264432001, "sr": 0.17713623443323406, "lr": 0.17439135774041034, "fb_scaling": 0.01, "input_connectivity": 0.8933736681364624, "fb_connectivity": 0.005541936452032129, "topology": "random", "activation": "tanh"}, "Readout": {"output_connectivity": 0.6213811570154778}, "RL": {"eta": 0.005927618838692197, "beta": 15, "r_th": 0.006975544340245059, "reward": [1.0, 0.75, 0.5, 0.25], "penalty": -0.01, "decay": 0.6564700753048572}}