{"ESN_1": {"n_units": 125, "input_scaling": 1, "noise_rc": 6e-05, "rc_connectivity": 0.0072654573676132275, "sr": 0.16054238714146724, "lr": 0.2468045235515839, "fb_scaling": 0.01, "input_connectivity": 0.10858405522389267, "fb_connectivity": 0.001322832585946958, "topology": "random", "activation": "tanh"}, "ESN_2": {"n_units": 125, "input_scaling": 1, "noise_rc": 6e-05, "rc_connectivity": 0.00033354119540827146, "sr": 0.15640877456903987, "lr": 0.11579629078207866, "fb_scaling": 0.01, "input_connectivity": 0.8547997937915692, "fb_connectivity": 0.014475151541706085, "topology": "random", "activation": "tanh"}, "ESN_3": {"n_units": 125, "input_scaling": 1, "noise_rc": 6e-05, "rc_connectivity": 0.02805826639232737, "sr": 0.03176657762706539, "lr": 0.09793629393059189, "fb_scaling": 0.01, "input_connectivity": 0.532065427005891, "fb_connectivity": 0.0011486112989784047, "topology": "random", "activation": "tanh"}, "ESN_4": {"n_units": 125, "input_scaling": 1, "noise_rc": 6e-05, "rc_connectivity": 0.0009576515009883053, "sr": 0.2091819066378311, "lr": 0.4477447138369653, "fb_scaling": 0.01, "input_connectivity": 0.2307134296795051, "fb_connectivity": 0.1, "topology": "random", "activation": "tanh"}, "Readout": {"output_connectivity": 0.8947194745337705}, "RL": {"eta": 0.0030580614905387506, "beta": 11, "r_th": 0.006975544340245059, "reward": [1.0, 0.75, 0.5, 0.25], "penalty": -0.01, "decay": 0.6637991662179497}}