{"ESN_1": {"n_units": 167, "input_scaling": 1, "noise_rc": 6e-05, "rc_connectivity": 0.03942875926200791, "sr": 0.026381501721843757, "lr": 0.1965599755440749, "fb_scaling": 0.01, "input_connectivity": 0.2568587043632315, "fb_connectivity": 0.1, "topology": "random", "activation": "tanh"}, "ESN_2": {"n_units": 167, "input_scaling": 1, "noise_rc": 6e-05, "rc_connectivity": 0.011304319733609826, "sr": 0.10489337702838224, "lr": 0.1983425771311024, "fb_scaling": 0.01, "input_connectivity": 0.1918074474083789, "fb_connectivity": 0.1, "topology": "random", "activation": "tanh"}, "ESN_3": {"n_units": 167, "input_scaling": 1, "noise_rc": 6e-05, "rc_connectivity": 0.0002445157889167977, "sr": 0.04878800169909142, "lr": 0.21708548395781688, "fb_scaling": 0.01, "input_connectivity": 0.10468477221724244, "fb_connectivity": 0.1, "topology": "random", "activation": "tanh"}, "Readout": {"output_connectivity": 0.5}, "RL": {"eta": 0.01139854935504082, "beta": 5, "r_th": 0.006975544340245059, "reward": [1.0, 0.75, 0.5, 0.25], "penalty": -0.01, "decay": 0.5125796720724336}}