{"ESN_1": {"n_units": 167, "input_scaling": 1, "noise_rc": 6e-05, "rc_connectivity": 0.024467779407083078, "sr": 0.0622145780305936, "lr": 0.2993204861658567, "fb_scaling": 0.01, "input_connectivity": 0.24557021003727286, "fb_connectivity": 0.1, "topology": "random", "activation": "tanh"}, "ESN_2": {"n_units": 167, "input_scaling": 1, "noise_rc": 6e-05, "rc_connectivity": 0.009885383391096103, "sr": 0.023537777817650075, "lr": 0.23830385550565578, "fb_scaling": 0.01, "input_connectivity": 0.5711787852687904, "fb_connectivity": 0.1, "topology": "random", "activation": "tanh"}, "ESN_3": {"n_units": 167, "input_scaling": 1, "noise_rc": 6e-05, "rc_connectivity": 0.00013423971755021816, "sr": 0.05966988023340247, "lr": 0.24105059261447756, "fb_scaling": 0.01, "input_connectivity": 0.44149050734323, "fb_connectivity": 0.1, "topology": "random", "activation": "tanh"}, "Readout": {"output_connectivity": 0.5}, "RL": {"eta": 0.014492641252464218, "beta": 7, "r_th": 0.006975544340245059, "reward": [1.0, 0.75, 0.5, 0.25], "penalty": -0.01, "decay": 0.870164118956714}}