{"ESN_1": {"n_units": 167, "input_scaling": 1, "noise_rc": 6e-05, "rc_connectivity": 0.0036034142343313526, "sr": 0.08142383393816839, "lr": 0.28548427295253354, "fb_scaling": 0.01, "input_connectivity": 0.297529757229874, "fb_connectivity": 0.1, "topology": "random", "activation": "tanh"}, "ESN_2": {"n_units": 167, "input_scaling": 1, "noise_rc": 6e-05, "rc_connectivity": 0.0001031595794631987, "sr": 0.015277508101447184, "lr": 0.0020616789105318274, "fb_scaling": 0.01, "input_connectivity": 0.8055617405752643, "fb_connectivity": 0.1, "topology": "random", "activation": "tanh"}, "ESN_3": {"n_units": 167, "input_scaling": 1, "noise_rc": 6e-05, "rc_connectivity": 0.0880810212791039, "sr": 0.010653412533287759, "lr": 0.5961121609683738, "fb_scaling": 0.01, "input_connectivity": 0.19543480761361093, "fb_connectivity": 0.1, "topology": "random", "activation": "tanh"}, "Readout": {"output_connectivity": 0.5}, "RL": {"eta": 0.011988810782226212, "beta": 15, "r_th": 0.006975544340245059, "reward": [1.0, 0.75, 0.5, 0.25], "penalty": -0.01, "decay": 0.8854661359970555}}