{"ESN_1": {"n_units": 167, "input_scaling": 1, "noise_rc": 6e-05, "rc_connectivity": 0.05483045647652776, "sr": 0.058231287387874454, "lr": 0.092671711529254, "fb_scaling": 0.01, "input_connectivity": 0.47962686499874757, "fb_connectivity": 0.1, "topology": "random", "activation": "tanh"}, "ESN_2": {"n_units": 167, "input_scaling": 1, "noise_rc": 6e-05, "rc_connectivity": 0.002384092178888293, "sr": 0.04378211910285658, "lr": 0.0012582119498189604, "fb_scaling": 0.01, "input_connectivity": 0.8934845953757057, "fb_connectivity": 0.1, "topology": "random", "activation": "tanh"}, "ESN_3": {"n_units": 167, "input_scaling": 1, "noise_rc": 6e-05, "rc_connectivity": 0.0193510548506471, "sr": 0.025401790884098906, "lr": 0.08427631511580957, "fb_scaling": 0.01, "input_connectivity": 0.47836732525294934, "fb_connectivity": 0.1, "topology": "random", "activation": "tanh"}, "Readout": {"output_connectivity": 0.5}, "RL": {"eta": 0.010018103078163039, "beta": 19, "r_th": 0.006975544340245059, "reward": [1.0, 0.75, 0.5, 0.25], "penalty": -0.01, "decay": 0.5211042057105506}}