{"ESN_1": {"n_units": 125, "input_scaling": 1, "noise_rc": 6e-05, "rc_connectivity": 0.028519402275529772, "sr": 0.018264356328209642, "lr": 0.0617847713064, "fb_scaling": 0.01, "input_connectivity": 0.6674081997417671, "fb_connectivity": 0.0007826930467857903, "topology": "random", "activation": "tanh"}, "ESN_2": {"n_units": 125, "input_scaling": 1, "noise_rc": 6e-05, "rc_connectivity": 0.05528761892683701, "sr": 0.08385489192084664, "lr": 0.017255621622739324, "fb_scaling": 0.01, "input_connectivity": 0.3763805463824926, "fb_connectivity": 0.008682986378155542, "topology": "random", "activation": "tanh"}, "ESN_3": {"n_units": 125, "input_scaling": 1, "noise_rc": 6e-05, "rc_connectivity": 0.05258784384550333, "sr": 0.05993657341750349, "lr": 0.013727495430671335, "fb_scaling": 0.01, "input_connectivity": 0.3788650494180725, "fb_connectivity": 0.17563050551457834, "topology": "random", "activation": "tanh"}, "ESN_4": {"n_units": 125, "input_scaling": 1, "noise_rc": 6e-05, "rc_connectivity": 0.0009576515009883053, "sr": 0.2091819066378311, "lr": 0.4477447138369653, "fb_scaling": 0.01, "input_connectivity": 0.2307134296795051, "fb_connectivity": 0.1, "topology": "random", "activation": "tanh"}, "Readout": {"output_connectivity": 0.7096301560150603}, "RL": {"eta": 0.0051453206938059685, "beta": 11, "r_th": 0.006975544340245059, "reward": [1.0, 0.75, 0.5, 0.25], "penalty": -0.01, "decay": 0.40364195441829565}}