{"ESN_1": {"n_units": 167, "input_scaling": 1, "noise_rc": 6e-05, "rc_connectivity": 0.02304119371267866, "sr": 0.013077029270297007, "lr": 0.08969310722106918, "fb_scaling": 0.01, "input_connectivity": 0.31349469464386365, "fb_connectivity": 0.1, "topology": "random", "activation": "tanh"}, "ESN_2": {"n_units": 167, "input_scaling": 1, "noise_rc": 6e-05, "rc_connectivity": 0.00017222663456344092, "sr": 0.0685242969689757, "lr": 0.3497522709291764, "fb_scaling": 0.01, "input_connectivity": 0.16416852415752403, "fb_connectivity": 0.1, "topology": "random", "activation": "tanh"}, "ESN_3": {"n_units": 167, "input_scaling": 1, "noise_rc": 6e-05, "rc_connectivity": 0.0001502054457514389, "sr": 0.09983508324115964, "lr": 0.13044878182100553, "fb_scaling": 0.01, "input_connectivity": 0.530558652338035, "fb_connectivity": 0.1, "topology": "random", "activation": "tanh"}, "Readout": {"output_connectivity": 0.5}, "RL": {"eta": 0.011059324270760494, "beta": 11, "r_th": 0.006975544340245059, "reward": [1.0, 0.75, 0.5, 0.25], "penalty": -0.01, "decay": 0.7879178338108136}}