{"ESN_1": {"n_units": 125, "input_scaling": 1, "noise_rc": 6e-05, "rc_connectivity": 0.039595099953600936, "sr": 0.012331083416049434, "lr": 0.002625160123969551, "fb_scaling": 0.01, "input_connectivity": 0.18567062986591412, "fb_connectivity": 0.0016304570187808437, "topology": "random", "activation": "tanh"}, "ESN_2": {"n_units": 125, "input_scaling": 1, "noise_rc": 6e-05, "rc_connectivity": 0.00034312738332525845, "sr": 0.021740658606362182, "lr": 0.004641194051364789, "fb_scaling": 0.01, "input_connectivity": 0.39020512067746393, "fb_connectivity": 0.034950395916599646, "topology": "random", "activation": "tanh"}, "ESN_3": {"n_units": 125, "input_scaling": 1, "noise_rc": 6e-05, "rc_connectivity": 0.004630469684749142, "sr": 0.3714779701419462, "lr": 0.08766526693765456, "fb_scaling": 0.01, "input_connectivity": 0.22384250430111546, "fb_connectivity": 0.039635115965892545, "topology": "random", "activation": "tanh"}, "ESN_4": {"n_units": 125, "input_scaling": 1, "noise_rc": 6e-05, "rc_connectivity": 0.0009576515009883053, "sr": 0.2091819066378311, "lr": 0.4477447138369653, "fb_scaling": 0.01, "input_connectivity": 0.2307134296795051, "fb_connectivity": 0.1, "topology": "random", "activation": "tanh"}, "Readout": {"output_connectivity": 0.7457772878504052}, "RL": {"eta": 0.0040288811439515215, "beta": 8, "r_th": 0.006975544340245059, "reward": [1.0, 0.75, 0.5, 0.25], "penalty": -0.01, "decay": 0.41080860122212115}}