{"ESN_1": {"n_units": 167, "input_scaling": 1, "noise_rc": 6e-05, "rc_connectivity": 0.00016240189866980327, "sr": 0.2863976330327764, "lr": 0.18174250068819198, "fb_scaling": 0.01, "input_connectivity": 0.10004961690006602, "fb_connectivity": 0.1, "topology": "random", "activation": "tanh"}, "ESN_2": {"n_units": 167, "input_scaling": 1, "noise_rc": 6e-05, "rc_connectivity": 0.023127599915881702, "sr": 0.12915723345000485, "lr": 0.4289081047144347, "fb_scaling": 0.01, "input_connectivity": 0.34288392105056503, "fb_connectivity": 0.1, "topology": "random", "activation": "tanh"}, "ESN_3": {"n_units": 167, "input_scaling": 1, "noise_rc": 6e-05, "rc_connectivity": 0.03379577842879283, "sr": 0.2608431059336757, "lr": 0.442101552978843, "fb_scaling": 0.01, "input_connectivity": 0.30477577138277984, "fb_connectivity": 0.1, "topology": "random", "activation": "tanh"}, "Readout": {"output_connectivity": 0.5}, "RL": {"eta": 0.023717448250098493, "beta": 5, "r_th": 0.006975544340245059, "reward": [1.0, 0.75, 0.5, 0.25], "penalty": -0.01, "decay": 0.7371740140442543}}