{"ESN_1": {"n_units": 167, "input_scaling": 1, "noise_rc": 6e-05, "rc_connectivity": 0.0007260298895281894, "sr": 0.07546871341183538, "lr": 0.007540005751985259, "fb_scaling": 0.01, "input_connectivity": 0.9223446820502076, "fb_connectivity": 0.1, "topology": "random", "activation": "tanh"}, "ESN_2": {"n_units": 167, "input_scaling": 1, "noise_rc": 6e-05, "rc_connectivity": 0.06396340961275584, "sr": 0.20493087794333872, "lr": 0.1588523940191472, "fb_scaling": 0.01, "input_connectivity": 0.6036825240234671, "fb_connectivity": 0.1, "topology": "random", "activation": "tanh"}, "ESN_3": {"n_units": 167, "input_scaling": 1, "noise_rc": 6e-05, "rc_connectivity": 0.018524476407149184, "sr": 0.016994205587331838, "lr": 0.16069788304931013, "fb_scaling": 0.01, "input_connectivity": 0.4106230019156094, "fb_connectivity": 0.1, "topology": "random", "activation": "tanh"}, "Readout": {"output_connectivity": 0.5}, "RL": {"eta": 0.026024223352278737, "beta": 10, "r_th": 0.006975544340245059, "reward": [1.0, 0.75, 0.5, 0.25], "penalty": -0.01, "decay": 0.3058336356131831}}