{"ESN_1": {"n_units": 167, "input_scaling": 1, "noise_rc": 6e-05, "rc_connectivity": 0.07468474309707152, "sr": 1.0569742113409886, "lr": 0.12331138832996706, "fb_scaling": 0.01, "input_connectivity": 0.5938632323883127, "fb_connectivity": 0.1, "topology": "random", "activation": "tanh"}, "ESN_2": {"n_units": 167, "input_scaling": 1, "noise_rc": 6e-05, "rc_connectivity": 0.005223208232386454, "sr": 0.015916359612842906, "lr": 0.006346746801425328, "fb_scaling": 0.01, "input_connectivity": 0.42699780741923665, "fb_connectivity": 0.1, "topology": "random", "activation": "tanh"}, "ESN_3": {"n_units": 167, "input_scaling": 1, "noise_rc": 6e-05, "rc_connectivity": 0.03907773317977315, "sr": 0.03245575400528731, "lr": 0.13186678044748104, "fb_scaling": 0.01, "input_connectivity": 0.10087284999315255, "fb_connectivity": 0.1, "topology": "random", "activation": "tanh"}, "Readout": {"output_connectivity": 0.5}, "RL": {"eta": 0.00876841648346194, "beta": 8, "r_th": 0.006975544340245059, "reward": [1.0, 0.75, 0.5, 0.25], "penalty": -0.01, "decay": 0.41961551899213817}}