{"ESN_1": {"n_units": 125, "input_scaling": 1, "noise_rc": 6e-05, "rc_connectivity": 0.0021693785583235875, "sr": 0.07869172329189716, "lr": 0.10705964657096075, "fb_scaling": 0.01, "input_connectivity": 0.2890401033267696, "fb_connectivity": 0.0002137657471543427, "topology": "random", "activation": "tanh"}, "ESN_2": {"n_units": 125, "input_scaling": 1, "noise_rc": 6e-05, "rc_connectivity": 0.05119944622742134, "sr": 0.0366754469908448, "lr": 0.0019315985034911818, "fb_scaling": 0.01, "input_connectivity": 0.24401301712082205, "fb_connectivity": 0.053355256791347554, "topology": "random", "activation": "tanh"}, "ESN_3": {"n_units": 125, "input_scaling": 1, "noise_rc": 6e-05, "rc_connectivity": 0.0002112114967325604, "sr": 0.013655797686408223, "lr": 0.05611948608846311, "fb_scaling": 0.01, "input_connectivity": 0.8298776810011548, "fb_connectivity": 0.030111970523988785, "topology": "random", "activation": "tanh"}, "ESN_4": {"n_units": 125, "input_scaling": 1, "noise_rc": 6e-05, "rc_connectivity": 0.0009576515009883053, "sr": 0.2091819066378311, "lr": 0.4477447138369653, "fb_scaling": 0.01, "input_connectivity": 0.2307134296795051, "fb_connectivity": 0.1, "topology": "random", "activation": "tanh"}, "Readout": {"output_connectivity": 0.8733023529005799}, "RL": {"eta": 0.004136698024995741, "beta": 9, "r_th": 0.006975544340245059, "reward": [1.0, 0.75, 0.5, 0.25], "penalty": -0.01, "decay": 0.31633695440363346}}