{"ESN_1": {"n_units": 167, "input_scaling": 1, "noise_rc": 6e-05, "rc_connectivity": 0.024355833569350553, "sr": 1.8138391208191498, "lr": 0.08759118605198295, "fb_scaling": 0.01, "input_connectivity": 0.3245816701094155, "fb_connectivity": 0.1, "topology": "random", "activation": "tanh"}, "ESN_2": {"n_units": 167, "input_scaling": 1, "noise_rc": 6e-05, "rc_connectivity": 0.0009498942522932242, "sr": 0.555898963130318, "lr": 0.18773030381188158, "fb_scaling": 0.01, "input_connectivity": 0.29491606281876503, "fb_connectivity": 0.1, "topology": "random", "activation": "tanh"}, "ESN_3": {"n_units": 167, "input_scaling": 1, "noise_rc": 6e-05, "rc_connectivity": 0.0007075468029426007, "sr": 0.3643412222580543, "lr": 0.09610671711296523, "fb_scaling": 0.01, "input_connectivity": 0.5948082454457506, "fb_connectivity": 0.1, "topology": "random", "activation": "tanh"}, "Readout": {"output_connectivity": 0.5}, "RL": {"eta": 0.015046153340383133, "beta": 8, "r_th": 0.006975544340245059, "reward": [1.0, 0.75, 0.5, 0.25], "penalty": -0.01, "decay": 0.448278061403373}}