{"ESN_1": {"n_units": 167, "input_scaling": 1, "noise_rc": 6e-05, "rc_connectivity": 0.0006101205185792961, "sr": 0.3434954423254118, "lr": 0.09953130354357217, "fb_scaling": 0.01, "input_connectivity": 0.27472392129754375, "fb_connectivity": 0.1, "topology": "random", "activation": "tanh"}, "ESN_2": {"n_units": 167, "input_scaling": 1, "noise_rc": 6e-05, "rc_connectivity": 0.0003110475471524931, "sr": 0.0942899844727263, "lr": 0.06760022904299717, "fb_scaling": 0.01, "input_connectivity": 0.26368988582670017, "fb_connectivity": 0.1, "topology": "random", "activation": "tanh"}, "ESN_3": {"n_units": 167, "input_scaling": 1, "noise_rc": 6e-05, "rc_connectivity": 0.0008418292956634412, "sr": 0.04148513743755425, "lr": 0.6021098413712662, "fb_scaling": 0.01, "input_connectivity": 0.5150353847017826, "fb_connectivity": 0.1, "topology": "random", "activation": "tanh"}, "Readout": {"output_connectivity": 0.5}, "RL": {"eta": 0.023101097148568228, "beta": 6, "r_th": 0.006975544340245059, "reward": [1.0, 0.75, 0.5, 0.25], "penalty": -0.01, "decay": 0.5221097410131919}}