{"ESN_1": {"n_units": 167, "input_scaling": 1, "noise_rc": 6e-05, "rc_connectivity": 0.0007856963763051277, "sr": 0.28483242661452335, "lr": 0.0855426820928327, "fb_scaling": 0.01, "input_connectivity": 0.3861156462215634, "fb_connectivity": 0.1, "topology": "random", "activation": "tanh"}, "ESN_2": {"n_units": 167, "input_scaling": 1, "noise_rc": 6e-05, "rc_connectivity": 0.026876787787764922, "sr": 0.1265999068996264, "lr": 0.07020131474096666, "fb_scaling": 0.01, "input_connectivity": 0.8647738679445583, "fb_connectivity": 0.1, "topology": "random", "activation": "tanh"}, "ESN_3": {"n_units": 167, "input_scaling": 1, "noise_rc": 6e-05, "rc_connectivity": 0.0023076180922315848, "sr": 0.08440799176259706, "lr": 0.18683228896904303, "fb_scaling": 0.01, "input_connectivity": 0.23518248727003252, "fb_connectivity": 0.1, "topology": "random", "activation": "tanh"}, "Readout": {"output_connectivity": 0.5}, "RL": {"eta": 0.016707011535793685, "beta": 5, "r_th": 0.006975544340245059, "reward": [1.0, 0.75, 0.5, 0.25], "penalty": -0.01, "decay": 0.6416258063301458}}