{"ESN": {"n_units": 500, "input_scaling": 1, "noise_rc": 6e-05, "rc_connectivity": 0.0015716363836804246, "sr": 0.08088609040489704, "lr": 0.06975877160063719, "fb_scaling": 0.01, "input_connectivity": 0.23539772101670597, "fb_connectivity": 0.0019203982359248832, "output_connectivity": 0.8651043295816371, "topology": "random", "activation": "tanh"}, "RL": {"eta": 0.011755830899983078, "beta": 7, "r_th": 0, "reward": [1.0, 0.75, 0.5, 0.2], "penalty": -0.01, "decay": 0.3457360687654172}, "output_connectivity": 0.4608156693583523}