{"ESN": {"n_units": 500, "input_scaling": 1, "noise_rc": 6e-05, "rc_connectivity": 0.0007803097964434419, "sr": 0.05952660982386392, "lr": 0.12660488173758286, "fb_scaling": 0.01, "input_connectivity": 0.4471994164703135, "fb_connectivity": 0.1, "output_connectivity": 0.5, "topology": "random", "activation": "tanh"}, "RL": {"eta": 0.005262508589941448, "beta": 14, "r_th": 0, "reward": [1.0, 0.75, 0.5, 0.2], "penalty": -0.01, "decay": 0.3009700329060625}}