{"ESN": {"n_units": 500, "input_scaling": 1, "noise_rc": 6e-05, "rc_connectivity": 0.000931271690957015, "sr": 0.1911713357954077, "lr": 0.7697296967799403, "fb_scaling": 0.01, "input_connectivity": 0.17876551330170137, "fb_connectivity": 0.1, "output_connectivity": 0.5, "topology": "random", "activation": "tanh", "eta": 0.03415175466478982, "beta": 6, "decay": 0.8601552401703114}, "RL": {"eta": 0.04120655689661038, "beta": 5, "r_th": 0, "reward": [1.0, 0.75, 0.5, 0.2], "penalty": -0.01, "decay": 0.5717903436000478}}