{"ESN": {"n_units": 500, "input_scaling": 1, "noise_rc": 6e-05, "rc_connectivity": 0.08474334476440833, "sr": 0.10195761555573069, "lr": 0.10842456107992174, "fb_scaling": 0.01, "input_connectivity": 0.7379713534777639, "fb_connectivity": 0.1, "output_connectivity": 0.5, "topology": "random", "activation": "tanh", "eta": 0.03415175466478982, "beta": 6, "decay": 0.8601552401703114}, "RL": {"eta": 0.009002473282005801, "beta": 7, "r_th": 0, "reward": [1.0, 0.75, 0.5, 0.2], "penalty": -0.01, "decay": 0.37040209320483236}}