{"ESN": {"n_units": 500, "input_scaling": 1, "noise_rc": 6e-05, "rc_connectivity": 0.0002828867166904193, "sr": 0.01031666530458311, "lr": 0.16170009367511723, "fb_scaling": 0.01, "input_connectivity": 0.2966800199839841, "fb_connectivity": 0.024411427649452096, "output_connectivity": 0.8651043295816371, "topology": "random", "activation": "tanh"}, "RL": {"eta": 0.0033556547679846425, "beta": 10, "r_th": 0, "reward": [1.0, 0.75, 0.5, 0.2], "penalty": -0.01, "decay": 0.3735093942106549}}