{"ESN": {"n_units": 500, "input_scaling": 1, "noise_rc": 6e-05, "rc_connectivity": 0.007628390280079422, "sr": 0.70529262889372, "lr": 0.06393939362552632, "fb_scaling": 0.01, "input_connectivity": 0.6303512085474337, "fb_connectivity": 0.1, "output_connectivity": 0.5, "topology": "random", "activation": "tanh"}, "RL": {"eta": 0.009809794810245904, "beta": 15, "r_th": 0, "reward": [1.0, 0.75, 0.5, 0.2], "penalty": -0.01, "decay": 0.5483075783767075}}