{"ESN": {"n_units": 500, "input_scaling": 1, "noise_rc": 6e-05, "rc_connectivity": 0.005719281117549755, "sr": 0.31395715757708187, "lr": 0.06929449580967957, "fb_scaling": 0.01, "input_connectivity": 0.8174001438367241, "fb_connectivity": 0.1, "output_connectivity": 0.5, "topology": "random", "activation": "tanh"}, "RL": {"eta": 0.014967881440411116, "beta": 15, "r_th": 0, "reward": [1.0, 0.75, 0.5, 0.2], "penalty": -0.01, "decay": 0.5460469386028516}}